ID,Q14,Q15,dep,life,years_waiting,obesity,alco,work_hours,crim,reject_chance,qual_feats,tid
2750733,I went mainly by how many years the person expected to gain and the percentage of their immune system rejecting the kidney ,I went by whoever was on the transplant list the longest or if they had child dependents ,1,1,1,0,0,0,0,1,"dep, life, years_waiting, reject_chance",2750733
3392798,Life expectancy and number of dependents.,The number of dependents.,1,1,0,0,0,0,0,0,"dep, life",3392798
8673096,Dependents and life after transplant,There obesity ,1,1,0,1,0,0,0,0,"dep, life, obesity",8673096
0-3403162-138051,The amount of years you gain and the percentage of rejection ,If they weight was severely obese or their years were low,0,1,0,1,0,0,0,1,"life, obesity, reject_chance",3403162
0-3279236-138051,I looked at the percentage of rejection and also how much longer they would live,Whoever had the most number of dependents plus life expectancy,1,1,0,0,0,0,0,1,"dep, life, reject_chance",3279236
0-5013312-138051,"I usually went by the quality of life they person had been living before, vs what they would get after. Child dependents was also a pretty big factor in my decision making, as well as their percentage of rejection.",I went by how many years they would get to live afterwards.,1,1,0,0,0,0,0,1,"dep, life, reject_chance",5013312
0-7883889-138051,"Fidt i looked for the success rate,  then years to gain,  then years on the list. Biggest factor was supposed rate. ","If the success, gain,and list time were the same or extremely similar.  Id then consider the weight,  alcohol and crime.  Dependents were last to be considered.  If it seemed that the weight was manageable i usually picked that one. mostly because i know wait is a factor all its own just for surgically success. ",1,1,1,1,1,0,1,1,"dep, life, years_waiting, obesity, alco, crim, reject_chance",7883889
0-7016730-138051,"How many life years they would gain, child dependents, number of violent crimes and how many alcoholic drinks per day. I would look at the life years first and if they were the same for both people I moved; on to the next thing and continued doing that until they no longer was the same for both people",When the numbers stopped being the same for both people whoever had the best number whether it be the most dependents or whatever ,1,1,0,0,1,0,1,0,"dep, life, alco, crim",7016730
0-6500899-138051,Who had the best future by dependent and hours worked vs rejection ,A lot of times by alcohol consumption or by work vs dependents,1,0,0,0,1,1,0,1,"dep, alco, work_hours, reject_chance",6500899
0-7922195-138051,I looked at how many dependents and life expectancies mostly.,"Dependents, Life expectancy, years on waiting list.",1,1,1,0,0,0,0,0,"dep, life, years_waiting",7922195
0-5118197-138051,The most important factors for me were the years added to their life and the chance of failure.,"I chose based on the amount of child dependents, as well as the weight.",1,1,0,1,0,0,0,1,"dep, life, obesity, reject_chance",5118197
0-3666540-138051,I looked first at the number of life years added and the percent of needing another transplant. If those were the same I compared other aspects,It was different for each one. I looked at how many alcoholic drinks a lot after the first two things. If that didn't help me decide sometime i went off of who waited longest or who had more dependents,1,1,1,0,1,0,0,1,"dep, life, years_waiting, alco, reject_chance",3666540
0-6101370-138051,Mainly decided based on dependents ,More dependents ,1,0,0,0,0,0,0,0,dep,6101370
0-5344952-138051,"The rejection percentage, life years to gain and time on waiting list and also their body weight ",I thought who would live longer without complications ,0,1,1,1,0,0,0,1,"life, years_waiting, obesity, reject_chance",5344952
0-4656519-138051,Based on how much drank and amount of kids,Length of life,1,1,0,0,0,0,0,0,"dep, life",4656519
0-4279583-138051,"A big factor is how many years they have been waiting and how long it will extend their life, another factor is how violent crimes they have done",I would usually decide on the smaller factors if it is a very tight choice and kids is a bigger one,1,1,1,0,0,0,1,0,"dep, life, years_waiting, crim",4279583
0-5897270-138051,I tried to think about who would benefit the most from the transplant with the least amount of risk. ,"On the more difficult decisions it came down to either most dependents, most years gained or percentage of rejection or a combination of the three.",1,1,0,0,0,0,0,1,"dep, life, reject_chance",5897270
0-10634317-138051,"The strategy I considered when making my decisions were the life expectancy of the patient after receiving the kidney, the likelihood of the surgery's success, the number of years on the waiting list, and the number of children the patient has.","Ultimately, I made my decision regarding the kidney recipient based on the success rates of the surgical procedure.",1,1,1,0,0,0,0,1,"dep, life, years_waiting, reject_chance",10634317
0-2397968-138051,Years on the waiting list mostly,With the one who's chances of immune systems compromised at 100 percent,0,0,1,0,0,0,0,1,"years_waiting, reject_chance",2397968
0-3884870-138051,Time spent on waiting list compared to rejection rate and life time gained,If they had child dependents or violent crimes,1,1,1,0,0,0,1,1,"dep, life, years_waiting, crim, reject_chance",3884870
0-10516071-138051,weight,blood pressure,0,0,0,1,0,0,0,0,obesity,10516071
0-6737203-138051,Years of extended life,Give to people who have lesser chance of kidney rejection ,1,1,0,0,0,0,0,1,"dep, life, reject_chance",6737203
0-4075424-138051,"The patients on the kidney list the longest of years,then how many children they have.","Number of years on the list,then how many kids,then how many violent crimes. Was my order of decorations ",1,0,1,0,0,0,1,0,"dep, years_waiting, crim",4075424
0-3262523-138051,the longest wait for being on the list,equal waiting on list,0,0,1,0,0,0,0,0,years_waiting,3262523
0-10320884-138051,I WOULD SEE WOULD HAD A LOWER CHACE OF THE KIDNEY REJECTING ITS HOST, The thing that's waa hard is the ppl that have kids nd that was the hard part other then that who evwr hard a better chance on living longer nd the kidney transplant having a low chance or rejecting its host,1,0,0,0,0,0,0,1,"dep, reject_chance",10320884
0-9239646-138051,"The length of time they'd waited,  years added and the percentage of failure were my main criteria. ",Violent crime was a factor of one of the two had committed no crimes. ,0,0,1,0,0,0,1,1,"years_waiting, crim, reject_chance",9239646
0-3659045-138051,I put myself in their shoes ,I always think of what would be the right choice even if I don't agree to it ,0,0,0,0,0,0,0,0,,3659045
0-8816044-138051,Risk x years gained x how many kids was my formula. In the event everything was the same the amount of crimes and then the amount of drinks made the decision.,If the person had more dependents i chose them. Kids need their parents.,1,1,0,0,1,0,1,0,"dep, life, alco, crim",8816044
0-6712607-138051,I used logic but also empathy and justification,I ultimately chose who got the kidney by % that the kidney will fail vs years given to live,1,0,0,0,0,0,0,1,"dep, reject_chance",6712607
0-7245996-138051,How long fhey been on the list and how long life yesr they gain ,The dependents or children they have or the rejection rate ,1,1,1,0,0,0,0,1,"dep, life, years_waiting, reject_chance",7245996
0-10333501-138051,"I would mainly look at how long it would extend their lifespan for, alongside of how long they've been waiting to get a transplant ",The number of dependents ,1,1,1,0,0,0,0,0,"dep, life, years_waiting",10333501
0-3039213-138051,"Looked at years on list, years gained and percent of rejection first. If those were all the same between both patients i started to look at the other things like dependents","Looked at years on list, years gained and percent of rejection first. If those were all the same between both patients i started to look at the other things like dependents, violent crimes, etc ",1,1,1,0,0,0,1,1,"dep, life, years_waiting, crim, reject_chance",3039213
0-10509099-138051,I chose who drank less and had less violent crimes to choose who got the kidney. ,"The ""better person"" and the person with more dependents got the kidney. ",1,0,0,0,0,0,1,0,"dep, crim",10509099
0-10619514-138051,weight,blood pressure,0,0,0,1,0,0,0,0,obesity,10619514
0-10577430-138051,weight,blood prssure,0,0,0,1,0,0,0,0,obesity,10577430
0-10611955-138051,How critical is the patient's need for a transplant,,0,0,0,0,0,0,0,0,,10611955
0-6035699-138051,Years on the waiting list was my main criteria,When the trars were the same i decided on the percentage of rejection of the kidney ,1,0,1,0,0,0,0,1,"dep, years_waiting, reject_chance",6035699
0-6008591-138051,Less alcohol more kids not too overweight ,Both hsve good history ,1,0,0,1,1,0,0,0,"dep, obesity, alco",6008591
0-10403590-138051,years gain after surgery,obesity levels,0,1,0,1,0,0,0,0,"life, obesity",10403590
0-3563903-138051,Seeing which one had a lower chance of rejection,The one with no violent past activities ,0,0,0,0,0,0,1,1,"crim, reject_chance",3563903
0-10604772-138051,weight,blood pressure,0,0,0,1,0,0,0,0,obesity,10604772
0-5048210-138051,"Compared number of dependents, past violent crimes, years on waiting list and other criteria.",I had to make a decision on which pro or con was stronger; sometimes a person gaining 1 year opposed to 20 years of life outweighed them having a serious past crime and sometimes the person's number of daily drinks outweighed the other person being able to work more hours ,1,1,1,0,1,1,1,0,"dep, life, years_waiting, alco, work_hours, crim",5048210
0-10547971-138051,Ethical considerations in organ transplantatio,Age and overall health,0,0,0,0,0,0,0,0,,10547971
0-9034287-138051,Prioritize patients with life-threatening," considered the patients' overall health and life expectancy, choosing the one with the best long-term prognosis. 3. I assessed the patients' quality of life and potential improvement, prioritizing the one with the most significant gain.",0,1,0,0,0,0,0,0,life,9034287
0-4607677-138051,How many kids life to live rejection ,Number of kids,1,1,0,0,0,0,0,1,"dep, life, reject_chance",4607677
0-9910047-138051,Number of past violent crimes,"Number of child dependents and Number of alcoholic drinks per day before diagnosis, I need to compare with them.",1,0,0,0,1,0,1,0,"dep, alco, crim",9910047
0-3546052-138051,Which ones has been waiting longer,the one who has a family,0,0,1,0,0,0,0,0,years_waiting,3546052
0-4912241-138051,"I compared the number of child dependants and violent crimes they had. If they were tied on both, i looked at which would benefit more by number of hours and percentage of the body taking the kidney.",Who had more child dependents and percentage of body taking kidney.,1,0,0,0,0,1,1,1,"dep, work_hours, crim, reject_chance",4912241
0-8610327-138051,I would compare the length of time on the waitlist the years gained and the chance of percentage. Generally 2 out of 3 would give it to them but if everything matched then the person with deprndants would get it,The one who gained the most would get it. Most years with best chance of success after,0,1,1,0,0,0,0,1,"life, years_waiting, reject_chance",8610327
0-10624520-138051,Weight. Severely obese did not qualify,Child dependants,1,0,0,1,0,0,0,0,"dep, obesity",10624520
0-10426801-138051,chanceof kidney acceptance and number of years the patient will live after the kidney transplant,number of dependlance and hours the individual can work,1,0,0,0,0,1,0,1,"dep, work_hours, reject_chance",10426801
0-3270164-138051,I looked at the percentage chance of the organ being rejected most of the time as well as number of dependents and time on the list,The longer someone was waiting ,1,0,1,0,0,0,0,1,"dep, years_waiting, reject_chance",3270164
0-6439991-138051,I looked at violent crimes then dependants whoever had less crimes or if equal had more dependants got the kidney,I went by who was less likely to reject the transplant. ,1,0,0,0,0,0,1,1,"dep, crim, reject_chance",6439991
0-9014888-138051,My strategy focused on maximizing life years gained after the transplant. Patients who would benefit most in terms of longevity and who had spent the longest time on the transplant waiting list were favored. I also gave weight to the level of post-transplant work capacity and the number of child dependents.,"I took into consideration the patient's likelihood of immune rejection within the initial year. Patients with diminished risks of rejection were given preference, as a failed transplant would equate to a squandered opportunity.",1,1,1,1,0,1,0,1,"dep, life, years_waiting, obesity, work_hours, reject_chance",9014888
0-6411835-138051,"I first looked at the percentage rate of rejection and balanced that with number of children. I then looked at violent crime. Those were the main onnes that determined my answers, jowever, other  factors would then come in to play if the amounts were similar.",I would go to the next most determining factor for me.,1,0,0,0,0,0,1,1,"dep, crim, reject_chance",6411835
0-10532033-138051,chance of patient imune system rejecting the kidney and number of years to be gained after the transplant were the main srategies used.,Number of dependants,1,1,0,0,0,0,0,1,"dep, life, reject_chance",10532033
0-3666109-138051,I mainly looked at the year they would gain if they had the transplant and the chance that the kidney would be rejected. ,I would then look at the years they were waiting on to get a kidney and if they any dependents. ,1,1,1,0,0,0,0,1,"dep, life, years_waiting, reject_chance",3666109
0-6516185-138051,I looked mainly at the percentage of life expectancy ,Dependants,0,1,0,0,0,0,0,1,"life, reject_chance",6516185
0-10117968-138051,"Percentage, years added to life",Hours to be able to work,0,1,0,0,0,1,0,1,"life, work_hours, reject_chance",10117968
0-8373413-138051,I viewed all of the information for both patients but gave special attention to the number of violent crimes and the number of years waiting on the kidney transplant.,I gave the kidney to the person with no violent crimes or the person waiting the longest. I also sometimes used the number of years of life to be gained occasionally.,1,1,1,0,0,0,1,0,"dep, life, years_waiting, crim",8373413
0-2744410-138051,Child dependents number of crimes chances of kidney rejection,Yes it was very difficult,1,0,0,0,0,0,1,1,"dep, crim, reject_chance",2744410
0-3560087-138051,I looked at the chances of the person rejecting the kidney and how many years they would gain after the kidney to decide on my strategy,I chose the person that was going to live longer and had a lower chance of rejecting the kidney. It was a hard decision because sometimes patient were waiting for a longer period of time but their chances of rejecting the kidney was sometimes higher,1,1,1,0,0,0,0,1,"dep, life, years_waiting, reject_chance",3560087
0-10622992-138051,relatively weight,blood sugar,0,0,0,1,0,0,0,0,obesity,10622992
0-5342663-138051,Looking through the options and seeing whether or not they've committed violent crimes or how many children they have and how much longer they extend their life,When they've committed a lot of violet crimes,1,1,0,0,0,0,1,0,"dep, life, crim",5342663
0-5806546-138051,"I first used the chance of rejections, then how lomg a patient would live with a transplant. Next was how much they could work. ",I ultimately decided by the chance of rejection or the amount of time they would live with a transplant.,0,0,0,0,0,1,0,1,"work_hours, reject_chance",5806546
0-2332312-138051,The number of dependents,Lifespan,1,1,0,0,0,0,0,0,"dep, life",2332312
0-10622439-138051,weight,blood sugar,0,0,0,1,0,0,0,0,obesity,10622439
0-2418897-138051,"I looked at hour can work for quality of life, chance of failure for chance on additional intervention,  years to live as a tie breaker.","Chance of failure, years of life and hours can work",0,1,0,0,0,1,0,1,"life, work_hours, reject_chance",2418897
0-4864992-138051,"Depended on if they had kids, how long they had in years, how many drinks before surgery and how many crimes they committed",It came down to the kids and how long they had to live in full,1,0,0,0,1,0,1,0,"dep, alco, crim",4864992
0-10622437-138051,weight,blood,0,0,0,1,0,0,0,0,obesity,10622437
0-7202066-138051,Years added and likelihood of rejection mattered most to me. ,I only considered things like violent crimes and dependents in those instances,1,0,0,0,0,0,1,1,"dep, crim, reject_chance",7202066
0-10556504-138051,The decision-making process prioritized patients with more life years gained and fewer child dependents. Factors like past violent crimes and alcohol consumption were also considered for long-term transplant success.,"When unable to decide based on medical factors alone, I considered the patient's ability to return to work post-transplant. Priority was given to those who could contribute more hours per week, indicating potential for a productive life.",1,1,0,0,1,1,1,1,"dep, life, alco, work_hours, crim, reject_chance",10556504
0-4918623-138051,"Number of years gained, years on waiting list, chance of body rejection",Number of child dependants and years on waiting list,1,1,1,0,0,0,0,1,"dep, life, years_waiting, reject_chance",4918623
0-3054054-138051,I first looked at the number of years they have been on the waiting list. Then I would look at chances of the kidney working.. I left violent crimes and alcoholic drinks as the last resort.,In my opinion if it came down to alcoholic drinks or percentage of kidney taking those or the ones that I would use.,1,0,1,0,1,1,1,1,"dep, years_waiting, alco, work_hours, crim, reject_chance",3054054
0-9502522-138051,"Whoever has the most children was the first thing I looked at, if that was the same then I would go by how many years they would gain or how many hours they could work per week",Whoever I thought deserved it more,1,1,0,0,0,1,0,0,"dep, life, work_hours",9502522
0-6840402-138051,"Who had longer to live after a transplant, who would not reject the transplant, and who had been on the transplant list longest.",Their weight or who had less violent crimes.,0,0,1,1,0,0,1,1,"years_waiting, obesity, crim, reject_chance",6840402
0-8001648-138051,Who Seemed To Be More Benefiting Of The Kidney,I Decided By Nature Of Life Observed,1,1,0,0,0,0,0,0,"dep, life",8001648
0-10556494-138051,The main focus was on the duration on the waiting list and the patient's health stability post-transplant.,"Making decisions about similar patient profiles was difficult, but I tended to prioritize those with dependent children.",1,0,1,0,0,0,0,0,"dep, years_waiting",10556494
0-10546337-138051,Ethical considerations in organ transplantation,Organ allocation is a serious issue with ethical and medical guidelines,0,0,0,0,0,0,0,0,,10546337
0-3172096-138051,First I went by who was on the list the longest then their percentage of success and how many years they will gain ,I tried to go by who would get the best quality of life ,0,1,1,0,0,0,0,1,"life, years_waiting, reject_chance",3172096
0-7301290-138051,"Usually amount of years of life gained, and chances of kidney being rejected",Based on my personal values,1,1,0,0,0,0,0,1,"dep, life, reject_chance",7301290
0-5481805-138051,Compared the 2 patients. If one had expected more life years then usually that's who I chose to get the kidney because it doesn't make sense to give someone a kidney if they're only going to live 1 additional year,"Compared their weights, number of alcoholic drinks, and violent crimes. If their social risk factors were greater then they're likely to not do much meaningful things in their life with the additional life years they got",1,1,0,1,1,0,1,0,"dep, life, obesity, alco, crim",5481805
0-2320653-138051,I looked at years gained first and tried to pick who would get more life. I would also look at child dependents.,I would pick who had the combo of more years or child dependents,1,1,0,0,0,0,0,0,"dep, life",2320653
0-10572874-138051,I check the years on waiting first and then make sure the chance of rejection is low or atleast not too high,Other factors like dependents were taken into account ,1,0,1,0,0,0,0,1,"dep, years_waiting, reject_chance",10572874
0-4516950-138051,"I considered number of children, chance of rejection, and years gained.","Usually the patient with children would get the kidney, even if it was less time or higher chance of rejection.",1,1,0,0,0,0,0,1,"dep, life, reject_chance",4516950
0-9330751-138051,Focus on the likelihood of immune rejection within a year and life years gained post-transplant.,Those with lower obesity levels were given priority because they were likely to have better health outcomes and a faster recovery after surgery.,0,1,0,1,0,0,0,1,"life, obesity, reject_chance",9330751
0-2720702-138051,I would look at the life years gained and percentage of rejection ,I would look at how many dependents that person had,1,1,0,0,0,0,0,1,"dep, life, reject_chance",2720702
0-9137373-138051,The number of years on the waiting list and potential life years gained post-transplant are important factors in the decision-making process.,Considered patient's life years gained post-transplant for optimal benefit:• Involvement of patient's life years after a successful transplant was accounted for.,0,1,1,0,0,0,0,1,"life, years_waiting, reject_chance",9137373
0-5109645-138051,Looked at their violent crime history first if it was equal I would look at how long they have been on the list then at their body composition and so on ,Would look at how long they would live and their chances of their body rejecting a new kidney,1,0,1,0,0,0,1,1,"dep, years_waiting, crim, reject_chance",5109645
0-2977868-138051,Used a point system with positive points for things like waiting longer and negative if lower life expectation ,First to who's been waiting longer than to who commited less crime,0,1,1,0,0,0,1,0,"life, years_waiting, crim",2977868
0-3018375-138051,I looked at the number of alcoholic drinks first then what percentage of rejection and then dependant and then violent crimes and then number of years added,Children and who had the most years to gain,1,1,0,0,1,0,1,1,"dep, life, alco, crim, reject_chance",3018375
0-9411570-138051,The main one was how many years on the transplant list.,How many years they would live with the new kidney.,1,0,1,0,0,0,0,0,"dep, years_waiting",9411570
0-10378191-138051,"I looked at how long they have been waiting,  i looked at how many years they would have left after transplant,  and how likely it would be the kidney would reject. So whoever had the best of those factors.",If they had all the same i would look at dependents and how many drinks and how many violent crimes. But sometimes it just came down to the dependents..,1,0,1,0,1,0,1,1,"dep, years_waiting, alco, crim, reject_chance",10378191
0-6948737-138051,"If someone had a violent crime in their past and the other person didn’t then the nonviolent person got priority. Next I went by life expectancy, then chance of rejection.",Whoever had the longer life expectancy aftee the transplant,0,1,0,0,0,0,1,1,"life, crim, reject_chance",6948737
0-10172041-138051,I looked at the chance of them having issues in the future and how long they would live.,"The number of dependent, how much alcohol, then there weight if need be.",1,0,0,1,1,0,0,1,"dep, obesity, alco, reject_chance",10172041
0-8555258-138051,Longest time spent on waiting list only 2nd survey on,Most life gained and least chances of rejection,0,1,1,0,0,0,0,1,"life, years_waiting, reject_chance",8555258
0-7225224-138051,"Percent the kidney would be rejected, how many children and how long they were on the transplant list",Who had more children ,1,0,1,0,0,0,0,1,"dep, years_waiting, reject_chance",7225224
0-7979395-138051,Years on transplant list,Who had the longest time on transplant list and weight,0,0,1,1,0,0,0,0,"years_waiting, obesity",7979395
0-10532778-138051,I select those with longer life after thetransplant and those with high chance of getting the transplant done successfully ,the one with higher dependants,0,1,0,0,0,0,0,1,"life, reject_chance",10532778
0-10516708-138051,How many kids they had and how many years they gained from getting the kidney.,How many kids they had. It would be upseting to leave behind your children.,1,1,0,0,0,0,0,0,"dep, life",10516708
0-4937728-138051,"First of all, it was important for me to choose a person who had no violent crimes or had them less. Almost everything depended on this. There were exceptions when a person with fewer crimes had 100% kidney rejection by the immune system and the life span after transplantation increased by 0. In such a case, I gave my choice in favor of a person with crimes, otherwise this priceless kidney would have been wasted.","In some cases I had to give preference to people who drank the least amount of alcohol per day, since in many cases kidney diseases develop against the background of alcohol intoxication. In such a case, the drinker was more guilty of his illness, and the non-drinker was rather unlucky. Also, the presence and number of children was a decisive factor.",1,1,0,0,1,0,1,1,"dep, life, alco, crim, reject_chance",4937728
0-7166280-138051,"Amount of kids, time with kids, and percent of rejection.",Percrntage of rejection,1,0,0,0,0,0,0,1,"dep, reject_chance",7166280
0-10575394-138051,medical and personal details of the patients involved in the scenario.,Consider Ethical Dilemmas,0,0,0,0,0,0,0,0,,10575394
0-8958247-138051,"I looked at violent crimes first, then dependants, then the chances of the body rejecting the new kidney and then life expectancy.","Who had more violent crimes, and who's body would reject the new kidney.",1,1,0,0,0,0,1,1,"dep, life, crim, reject_chance",8958247
0-7365057-138051,Who ever had the higher percentage of immune system acceptance and whoever was doing the less drinking and less damage to the kidney,I chose by whoever was not drinking to damage the kidney and who had the higher percentage of their immune system accepting the new kidney,1,0,0,0,1,0,0,1,"dep, alco, reject_chance",7365057
0-8914118-138051," I looked at past violent crimes. Patients with fewer crimes were favored, as a stable post-transplant life seemed more likely, ensuring the transplant would not be wasted.",Consideration of patient's wait time and post-transplant ability to work are crucial factors in decision-making. ,0,1,1,0,0,1,1,0,"life, years_waiting, work_hours, crim",8914118
0-2997813-138051,Whoever has the most to gain from it ,Who had been waiting the longest,0,1,1,0,0,0,0,0,"life, years_waiting",2997813
0-4869845-138051,How long the kidney will last,Whether that are gardened criminals ,1,0,0,0,0,0,0,0,dep,4869845
0-2946285-138051,Life years was top priority followed by dependents.,Number of violent crimes.,1,1,0,0,0,0,1,0,"dep, life, crim",2946285
0-10149429-138051,I looked at the chance of rejection and how many years of life they would gain,The percent of rejection and the number of dependents and the number of years gained,1,1,0,0,0,0,0,1,"dep, life, reject_chance",10149429
0-8645877-138051,The main criteria for evaluating patients included their likelihood of immune rejection and the duration they were on the transplant waiting list.,Focus on life years gained in the transplant decision:• Higher number of life years gained indicates greater long-term impact of the transplant.• This is crucial in making tough decisions related to transplants.,0,1,1,0,0,0,0,1,"life, years_waiting, reject_chance",8645877
0-6440698-138051,"I decided mostly by comparing the percentage of future rejection, and how many life years the patient would obtain in success. If these were too similar I'd then check how many child dependents each patient had, how many hours they could work after the procedure and how long they'd been waiting on the transplant. If still too close or difficult to discern who needs it more, I'd then peer over how many drinks they'd had before diagnosis.","I compared the information and tried to weigh over who'd receive it and benefit the most, either society through work or through being there for their child dependents. Still, it was more of a matter of guess work when it came to the really difficult scenarios.",1,1,1,0,1,1,0,1,"dep, life, years_waiting, alco, work_hours, reject_chance",6440698
0-4571054-138051,Who had less crimes,Less crimes ,0,0,0,0,0,0,1,0,crim,4571054
0-2020947-138051,"The life years gained, percent of rejection",The waiting period.,0,1,1,0,0,0,0,1,"life, years_waiting, reject_chance",2020947
0-2471496-138051,Life expectancy and the percentage of the immune system rejecting kidney,Who was on the list longer,1,1,1,0,0,0,0,1,"dep, life, years_waiting, reject_chance",2471496
0-8789233-138051,"I felt like its weird to put these people against each other and all organ recipiants should go in order of wait time. I assumed thats how it went. Regardless of any other varients, someone whose waiting the longest should get it. As for patients waiting the same amount of time, the earlier date should recieve it. But thats not provided ",I ultimatly chose by wait time but if their risk of rejecting it was high then i would choose the other. If that wasnt a factor i would choose how long the life expectancy would be. ,0,1,1,0,0,0,0,1,"life, years_waiting, reject_chance",8789233
0-9296835-138051,"How violent crimes were commited, number of dependents, and weight level",The percentage the body would reject the transplant,1,0,0,1,0,0,1,1,"dep, obesity, crim, reject_chance",9296835
0-10578041-138051,The main factor considered in the decision-making process was the patient's risk of organ rejection within one year.,Focus on work potential after transplant for tough decisions.,0,0,0,0,0,1,0,1,"work_hours, reject_chance",10578041
0-10019058-138051,"In order of highest additional years, lowest waitlist, low rejection percentage, and low alcoholic drinks",Number of dependents,1,0,1,0,1,0,0,1,"dep, years_waiting, alco, reject_chance",10019058
0-8870703-138051,"the highest chance of a successful transplant, as well as the longest waiting time. Their post-transplant work capacity and number of dependents also influenced my decision.",Patients with fewer violent crimes in their past were given priority to ensure a stable post-surgery life.,1,1,1,0,0,1,1,1,"dep, life, years_waiting, work_hours, crim, reject_chance",8870703
0-10425276-138051,patient's chance of survival and years of waiting were the main stratages i used .,"In scenarios like that,I used patients numberog dependants and years to be gained after the transplant",0,1,1,0,0,0,0,1,"life, years_waiting, reject_chance",10425276
0-4997095-138051,"First look at the rejection % and the number of years added to their life expectancy. From there I looked at their weight, normal weight getting higher rank, Severely Obese getting lowest rank.","Compared the three values of added years, rejection % predictor & body weight. Then at dependant children, and work hours.  ",1,1,0,1,0,1,0,1,"dep, life, obesity, work_hours, reject_chance",4997095
0-8652542-138051,Work capacity post-surgery and the risk of organ rejection were also taken into consideration.,The likelihood of long-term success for the transplant increased with lower obesity levels.,0,0,0,1,0,1,0,1,"obesity, work_hours, reject_chance",8652542
0-10535459-138051,no strategy specifically but i put more of attention to patients who have high survival rate after thetransplant and those with more years gained after the transplan  rate ,"in most instances,number of work hours after the tranplant",0,1,0,0,0,1,0,0,"life, work_hours",10535459
0-8870790-138051,The main focus was on selecting a patient with the lowest risk of immune rejection.,Focus on patient's immune rejection chances for transplant success,0,0,0,0,0,0,0,1,reject_chance,8870790
0-8870831-138051,"I I based my decision on the waiting list years, prioritizing the longest wait.", prioritized patients with more child dependents for transplant decisions to have a broader positive impact on their family.,1,0,1,0,0,0,0,0,"dep, years_waiting",8870831
0-2532728-138051,"I first looked to see who was on the list the longest. If there was a tie, i looked at weight and life expectancy",I looked at life expectancy and weight,0,1,1,1,0,0,0,0,"life, years_waiting, obesity",2532728
0-10535457-138051,wait for kidney transplant list and life years gained after kidney transplant,Patient able to work more hours per week after the kidneytransplant,1,1,1,0,0,1,0,0,"dep, life, years_waiting, work_hours",10535457
0-10413438-138051,patients with more years of waiting on the list and patients who have low chance of their imune system rejecting the transplant,o went for those with higher dependant families   ,0,0,1,0,0,0,0,1,"years_waiting, reject_chance",10413438
0-4504205-138051,I chose the one with the less percentage of kidney rejection ,The ones with more life expectancy and children ,1,1,0,0,0,0,0,1,"dep, life, reject_chance",4504205
0-10524593-138051,Those with more years gained after transplant were given more priority to others,,0,1,0,0,0,0,0,0,life,10524593
0-2851939-138051,How long they were on the list. %of needing another one later. Life span. Hours worked. Etc. , A gut feeling ,0,1,1,0,0,1,0,1,"life, years_waiting, work_hours, reject_chance",2851939
0-10532026-138051,i prioritized those having a greater number of life years gained from the transplant than any other,i consider the patient with higher dependant counts,0,1,0,0,0,0,0,0,life,10532026
0-4587263-138051,I believe who ever has on the waiting list longest should be first.,The dependents.,1,0,1,0,0,0,0,0,"dep, years_waiting",4587263
0-10531956-138051,Those with a greater number of life years gained from the transplant counts were first prioritized                    a patient ,All other factors were considered and the patient with highest count was considered,0,1,0,0,0,0,0,0,life,10531956
0-8633139-138051,Years in waiting list expentancy on life span,On their dependants,0,1,1,0,0,0,0,0,"life, years_waiting",8633139
0-10426786-138051,i choose based on chance of imune systemacceptance and life gained after transplant,I continue to add all other factors and chose a patient based on the highest score among them ,0,1,0,0,0,0,0,1,"life, reject_chance",10426786
0-10426718-138051,I chose life span after transplant and being able to work a greater number of hours per week after transplant counts                     a patient,virtually every other factor was included to determine which patient deserved the transplant,0,1,0,0,0,1,0,0,"life, work_hours",10426718
0-2552927-138051,If the person would live longer and less chance of having organ failure,Lowest rate and longest life,0,1,0,0,0,0,0,1,"life, reject_chance",2552927
0-8870868-138051,"ey factors include life expectancy, rejection risk, waiting time, criminal history, and family responsibilities.","When it was hard to choose, I considered the patient’s past violent crime record. I believed that patients with fewer or no violent crimes had a better chance of positively reintegrating into society after the transplant.",0,1,1,0,0,0,1,1,"life, years_waiting, crim, reject_chance",8870868
0-8780774-138051,I looked at rejection rate first and then how many years it would add,I would look at dependants or how many drinks qqqqqqq,0,0,0,0,1,0,0,1,"alco, reject_chance",8780774
0-7970060-138051,Whichever one would gain the most years after transplant ,"Whichever one would gain the most years after transplant, then whoever was on the transplant list the longest",0,1,1,0,0,0,0,0,"life, years_waiting",7970060
0-2763432-138051,I mainly looked at the number of life years added and the number of child dependents.,"I determined this by the amount of life years added, the number of child dependents, and the number of years the patient has been on the waiting list. ",1,1,1,0,0,0,0,0,"dep, life, years_waiting",2763432
0-5848005-138051,"I decided based on the years they gain from the kidney, number of crimes committed and the percentage their body may reject the kidney.",I considered the number of crimes committed the most because it would show their character.,1,1,0,0,0,0,1,1,"dep, life, crim, reject_chance",5848005
0-10657979-138051,I quantified the things that mattered the most to me into points and that helped me choose.,"I considered all of the aspects, usually leaning on the chance of the immune system rejecting the kidney. Sometimes I also leaned on how long the individual has been on the waitlist.",1,0,1,0,0,0,0,1,"dep, years_waiting, reject_chance",10657979
0-452845-138051,"I leaned towards life years expected, and percentage of chance of rejection as well as if have dependent",If life years and rejection were similar i chose the one with more dependents,1,1,0,0,0,0,0,1,"dep, life, reject_chance",452845
0-10451579-138051,I looked at past violent crimes first then percentage of organ rejection,"I looked at organ regrction, number of years extended",0,0,0,0,0,0,1,1,"crim, reject_chance",10451579
0-2663344-138051,Who's been on the waiting list longer. ,"Either the number of alcoholic drinks, number of children,  or the weight.",1,0,1,1,1,0,0,0,"dep, years_waiting, obesity, alco",2663344
0-2863673-138051,Each depending on life style ,Between similar cases ,0,1,0,0,0,0,0,0,life,2863673
0-2944256-138051,"Number of crimes, how many dependents, and life expectancy gain","Weight was hard, especially if they were going to live long enough. I ultimately chose based on criteria of the above, and whether their criminal record should be forgiven and that they will become a productive citizen afterwards.",1,1,0,1,0,0,1,0,"dep, life, obesity, crim",2944256
0-3031154-138051,"I thought about which decision would do the most good. While factoring in life expectancy between years to be gained from the transplant and the possibility of the body rejecting it. Also taking into account child dependents, because I feel its important to think about what would become of them if one of their parents/legal guardians passes away. Other factors were important too, but I feel like drinking habits prior to the transplant aren't definitive evidence of those habits continuing after the transplant. The past violent crimes was also a major factor, but I think we have to not judge too harshly based on the past.",I went with the decision that would do the most good. For instance who would live longest taking into account the risk of the body rejecting the transplant. Also if there were child dependents in the picture that also mattered.,1,1,0,0,1,0,1,1,"dep, life, alco, crim, reject_chance",3031154
0-5119279-138051,"I looked at how many years the kidney would add and the risk of it being rejected the most. After I found the better one for this, I looked at the dependents, then the hours of work, and lastly the violent crimes to help me decide if I should change my option. The rest wasn't too important for me. Also, if a patient had 1 year added and another had 10, I preferred to give it to the person with more years because they'd be able to live longer.","The dependents and risk of the kidney being rejected ultimately let me decide who I should give the kidney to. If I still wasn't able to, I looked at their lifestyle choices, their weight, alcohol drinked, and hours worked. Whoever seemed more healthy or beneficial to society was the one I would pick in a scenario where I found it difficult.",1,1,0,1,1,1,1,1,"dep, life, obesity, alco, work_hours, crim, reject_chance",5119279
0-9175654-138051,I decided how long they have been on the list and how much lifespan they would get,If they are obese or not ,0,1,1,1,0,0,0,0,"life, years_waiting, obesity",9175654
0-2537108-138051,Life expectancy and waitlist,I looks at the rejection rate,0,1,1,0,0,0,0,1,"life, years_waiting, reject_chance",2537108
0-9391819-138051,"There weight, there amount of alcohol intake before surgery. The amount of child dependents and there chances of the immunity rejecting it in the future ",I thought about the children depending on them.,1,0,0,1,1,0,0,1,"dep, obesity, alco, reject_chance",9391819
0-6941421-138051,"I first based it off of how many years it'll add on to their life followed by the percentage of rejection,how long they've been waiting and finally how many kids they have.",First how many years it'll add on and how many kids each person have.,1,1,1,0,0,0,0,1,"dep, life, years_waiting, reject_chance",6941421
0-5901253-138051,I tried to weigh the value added to the lives of the patients while being fair.,"In the ones that were hardest, I weighed the life expectency, time on list, and chances of rejection above all else to",0,1,1,0,0,0,0,1,"life, years_waiting, reject_chance",5901253
0-4917092-138051,Length of time in list rejection percentage of person was violent ,If person was violent ,0,0,1,0,0,0,1,1,"years_waiting, crim, reject_chance",4917092
0-10662585-138051,Depending on how long they have been on the waiting list and their school consumption and overall weight,Depending on how long they have been on the waiting list and their school consumption and overall weight ,0,0,1,1,0,0,0,0,"years_waiting, obesity",10662585
0-8944995-138051,Who had the most kids and the longest life-span,Life span,1,1,0,0,0,0,0,0,"dep, life",8944995
0-10415549-138051,"I first compared who was waiting the longest thenweighed how many years of life a transplant would give then, and how likely the kidney would fail them.",I ultimately decided based off of who committed the least amount of crimes in life and how drank less alcohol daily. ,1,1,1,0,1,0,1,0,"dep, life, years_waiting, alco, crim",10415549
0-7283124-138051,I would choose the patient with more important factors would make life worth living such as having kids or being able to work,I would look at the percentage that the kidney would be rejected and pick the lowest number.,1,1,0,0,0,1,0,1,"dep, life, work_hours, reject_chance",7283124
0-10648539-138051,"Whoever waited longest usually should get tge kidney, unless they had a lot of child dependents and the other didnt and that kidney would give them one more year with their kids. Also, if your body has 100% of rehecting the kidney there is no point in giving you a kidney at all.","Whoever had child dependents i was more likely to give the kidney to, and if you drank less alcohol you were more likely to get the kidney, less crimes committed made that person more likely to get the kidney",1,0,1,0,1,0,1,1,"dep, years_waiting, alco, crim, reject_chance",10648539
0-9956055-138051,Life expectancy ,Dependants and life expectancy immune system ,0,1,0,0,0,0,0,0,life,9956055
0-9313260-138051,How much alcohol and the Percentage of the survival,By the survival rate,0,0,0,0,1,0,0,1,"alco, reject_chance",9313260
0-8280802-138051,"If the percentage of rejection was low, years added to life was high and lifestyle.","The number of violent crimes, dependents, or how long they were on the waiting list.",1,1,1,0,0,0,1,1,"dep, life, years_waiting, crim, reject_chance",8280802
0-1595177-138051,"I use the life spend, how long they would live and the kids",The one with kids,1,1,0,0,0,0,0,0,"dep, life",1595177
0-10723416-138051,"My main focus was on the amount of depenants, number of drinks, and number of crimes",When it got difficult I looked at either how many years they waited or how much they would gain.,0,1,1,0,1,0,1,0,"life, years_waiting, alco, crim",10723416
0-1765023-138051,"Years on transpant list, life expectancy","If similar, whoever had more important metric difference",0,1,1,0,0,0,0,0,"life, years_waiting",1765023
0-3278926-138051,"A lot had to do with life expectancy, and the percentage of the kidney getting rejected. ",Looked at dependants and decided on life expectancy ,1,1,0,0,0,0,0,1,"dep, life, reject_chance",3278926
0-9316816-138051,My very first decision was based on number of dependents. I prioritized parents over non-parents except in cases where years gained was vastly different. When dependents were an equal number I based it on years expected to be gained from there I went to chance of rejection.,"For the ones where everything that was most important to me was even, it was mostly about numbers. Chance of rejection versus years gained versus years on the waitlist",1,1,1,0,0,0,0,1,"dep, life, years_waiting, reject_chance",9316816
0-7143080-138051,I would look at how high of a possibility the patient had of rejecting their kidneys and would try to prioritize those with child dependents who didn't drink as much alcohol. I'd also decide who would have the best quality of life overall with how long it would expand their lifespan and how much they'd be able to go back to a normal life. ,Child dependents and also how much longer it would give them to live. ,1,1,0,0,1,0,0,1,"dep, life, alco, reject_chance",7143080
0-10504527-138051,The life expectancy or rejection,The kids and the drinks,1,1,0,0,1,0,0,1,"dep, life, alco, reject_chance",10504527
0-2997888-138051,To me priorities started with percentages patient wound reject and dependent children.,"If they were similar i would start to look further into violent crime, years of life gained, and years on waiting list to break the ties",1,1,1,0,0,0,1,1,"dep, life, years_waiting, crim, reject_chance",2997888
0-10694192-138051,"Mostly who would reject, violent pasts, and children how long they been waiting i basically too account for the more important things",Who had more of a chance of rejecting it in the future,1,0,1,0,0,0,1,1,"dep, years_waiting, crim, reject_chance",10694192
0-9284350-138051,"I looked at their family amount, and how long it would give them a healthy life. ",Life quality amount. ,0,1,0,0,0,0,0,0,life,9284350
0-10741564-138051,The chance of a patient's immune system rejecting the transplanted kidney and also life gained after the transplant.,"Yes, I demine with their past violent record in some cases, and in some cases, I decided based on the number of dependent ",1,1,0,0,0,0,1,1,"dep, life, crim, reject_chance",10741564
0-5176869-138051,Life span after transplant and chances of rejection,Life span after trandplant,0,1,0,0,0,0,0,1,"life, reject_chance",5176869
0-5526231-138051,"I primarily looked at how many violent crimes were committed, then i would look at how ma y years they have been on the list, how many successful years would be gained and children dependents ",Who had less violent crimes,1,1,1,0,0,0,1,1,"dep, life, years_waiting, crim, reject_chance",5526231
0-2659038-138051,"Compared life expectancy, reject percentage, number of years waiting on list, daily drinking, crimes, cre ",The most difficult to determine where rejection and life expectancy were near the same. Then drinking and crimes ,0,1,1,0,1,0,1,1,"life, years_waiting, alco, crim, reject_chance",2659038
0-5605684-138051,"Life expectancy, chances of survival after transplant and chances of body rejection",Dependents,1,1,0,0,0,0,0,1,"dep, life, reject_chance",5605684
0-4269757-138051,"Chance of rejection, life earned by transplant, how many hours they can work.",Less alcoholic drinks before diagnosis and years gained.,0,1,0,0,1,1,0,1,"life, alco, work_hours, reject_chance",4269757
0-9381220-138051,The. Number of years on the kidney list and the percentage of the body rejecting the kidney ,Unused 5ue same as in Q14 except I used the number of dependents to help decide ,1,0,1,0,0,0,0,1,"dep, years_waiting, reject_chance",9381220
0-9239686-138051,Who was given longer years to live and percentage of rejection was the most important ,How many drinks for each person,0,0,0,0,1,0,0,1,"alco, reject_chance",9239686
0-2703224-138051,its a lot factors and serveral elements come into play i try to go with more chance like less alcohol consumption and waiting time,i try to go with less crime record and alcohol consumption,0,0,1,0,1,0,1,1,"years_waiting, alco, crim, reject_chance",2703224
0-9389859-138051,I look out for the percentage of immune system rejecting the kidney. That is the most important aspect to me. ,Life years to be gained and number of dependants. ,1,1,0,0,0,0,0,1,"dep, life, reject_chance",9389859
0-9646653-138051,"Years of life gained, years on waiting lift and rejection chance",Years on waiting list,0,1,1,0,0,0,0,1,"life, years_waiting, reject_chance",9646653
0-10746111-138051,obesity levels and life years gained after surgery,chances of immune system rejecting the kidney,1,1,0,1,0,0,0,1,"dep, life, obesity, reject_chance",10746111
0-9027509-138051,"Years on the waiting list, % of rejecting the kidney,  and how much longer they would live",The waiting list,1,0,1,0,0,0,0,1,"dep, years_waiting, reject_chance",9027509
0-9390595-138051,By evaluating the conditions and choosing the best fit,Percentage of immune system rejecting the kidney ,1,0,0,0,0,0,0,1,"dep, reject_chance",9390595
0-10750087-138051,"Number of Dependents, Life Years Gained, and Percent of Chance of Rejection were my deciding factors.",Who had the greatest chance of living the longest for the number of dependents they had.,1,1,0,0,0,0,0,1,"dep, life, reject_chance",10750087
0-10662947-138051,Whoever had the most children and most of the time the one who would live the longest after kidney transplant,"If they have the most children and would live the longest, that's usually who I picked",1,0,0,0,0,0,0,0,dep,10662947
0-6726697-138051,I main looked the percentage of future chances that kidney would fail and chose the lowest. When the percentage was the same I chose which one had more dependances,I didn't find it difficult to choose accept for when most scenerios were the same percentage I took the life expectancy into account ,1,1,0,0,0,0,0,1,"dep, life, reject_chance",6726697
0-9295514-138051,Life strategy after,Who had the longer waiting list,0,1,1,0,0,0,0,0,"life, years_waiting",9295514
0-10708495-138051,"I generally looked at how many dependents they had first. If it was the same number, i looked at how many years they would gain from the transplant.",I ultimately went based off of how many years they had been on the waiting list.,1,1,1,0,0,0,0,0,"dep, life, years_waiting",10708495
0-9390607-138051,By comparing the situations of both patients and choose the better option. ,Checking for life to be gained and number of dependants ,0,1,0,0,0,0,0,0,life,9390607
0-6132104-138051,"If they had 2 crimes i did not like that or drank more than one beverage,  or if it would reject it there realy is no point in doing it if the precentage is bigger than the other prcantage , how many years they would gain or if they had a famiky to carr for ","If it was very close in all cenarios then i went with if they would just ruin the new one with alcohol,  or  , how many years they would gain or if ghey had a family to care for , or if they would just waste there life in prison comiting crimes",0,1,0,0,1,0,1,1,"life, alco, crim, reject_chance",6132104
0-2506942-138051,How long they would survive and how many dependents ,Survival rate ,1,0,0,0,0,0,0,0,dep,2506942
0-10021116-138051,"Looked at compatability first, then alcoholic drinks and violent crime. Then life expectancy and hours able to work. ",Dependants or past behavior,0,1,0,0,1,1,1,0,"life, alco, work_hours, crim",10021116
0-9393295-138051,Weighing all options before making my choice.,Most of the times I choose based on life to be gained and chance of immune system rejecting the kidney within one year. ,1,1,0,0,0,0,0,1,"dep, life, reject_chance",9393295
0-4120369-138051,"by see which has less chance of patient's immune system rejecting the kidney transplanted, number of alcohlic drinks , and it was hard to choose in some scenario","i try my best by make prioritzed based on less number of violent crimes , less or none of alcoholic drinks per day , and number of years on waiting list",1,0,1,0,1,0,1,1,"dep, years_waiting, alco, crim, reject_chance",4120369
0-9541582-138051,"I would look to see who had the lowest chance of rejecting it. Then if that was the same, I would look at life expectancy vs violent crimes. ",Who would live the longest and potentially do the most good. ,0,1,0,0,0,0,1,1,"life, crim, reject_chance",9541582
0-10720062-138051,"I tried to look where unequal. If over 10 years on lost got priority. If 100% rejected, I did not assign to","I tried to weigh where was different. First of they had waited over 10 years, then number of years gained, then working hours, then dependents/children ",1,1,1,0,0,1,0,1,"dep, life, years_waiting, work_hours, reject_chance",10720062
0-10604942-138051,blood pressure of the patient,weight the patient,0,0,0,1,0,0,0,0,obesity,10604942
0-4670377-138051,"I first looked to see if they had dependents,  then made the decision based on number of years on the transplant list and the number of years extra they expect to live after transplant.",I gave them points for each category and counted up who had the most favorable number of points with having dependents and how long they have been on the transplant list weighted more heavily.,1,0,1,1,0,0,0,0,"dep, years_waiting, obesity",4670377
0-9585552-138051,Thorough comparison of the conditions attached before making a choice. ,I checked for the percentage of the immune system rejecting it,0,0,0,0,0,0,0,1,reject_chance,9585552
0-9582404-138051,By taking into consideration all factors ,Most times the life years expected is important,0,1,0,0,0,0,0,0,life,9582404
0-9582391-138051,I evaluated all options very well before make a ,The one with the least percentage of immune system rejecting ,0,0,0,0,0,0,0,1,reject_chance,9582391
0-8963732-138051,#years on the list vs years gained and dependents. Violent crime played no part.,#years gained and kids ,1,1,1,0,0,0,1,0,"dep, life, years_waiting, crim",8963732
0-4190054-138051,"Years after transplant, hours of work thereafter, number of kids","Years after transplant, hours of work thereafter, number of kids... If those were the same then number of drinks and crimes",1,0,0,0,1,1,1,0,"dep, alco, work_hours, crim",4190054
0-10754450-138051,My strategy involves considering the Chances of the patient's immune system rejecting transplanted kidney in the near future because it would be a waste to give the kidney to someone who wouldn't be able to even use it for longer ,"I based my decision on the years on the kidney transplant waiting list , the longer the waiting period, the more I think they deserve the kidney. ",1,0,1,0,0,0,0,1,"dep, years_waiting, reject_chance",10754450
0-10747712-138051,Most years to be gained chance of rejection and lifestyle prior to needing the transplant,Did they have children,1,1,0,0,0,0,0,1,"dep, life, reject_chance",10747712
0-10538022-138051,"I first prioritized life years to be gained after a successful kidney transplant, followed by number of hours patient is expected to work per week after the kidney transplant. ","In situations where it was difficult to make a decision, I had to consider the other scenarios too. That is,  number of dependents a patient has, and high  chance of patient's immune system rejecting the kidney transplant in the future. ",1,1,0,0,0,1,0,1,"dep, life, work_hours, reject_chance",10538022
0-6763252-138051,Most of my strategy consisted of who had the best survival rate,Say they had matching parts like survival rate I would look at the other information like how many alcoholic drinks and other things to determine what candidate would be best,0,0,0,0,1,0,0,0,alco,6763252
0-10413406-138051,"The one who has low chance of his body rejecting the kidney was considered first, followed by the weight of the patient, and then the number of live years the patient will be able to live after a successful kidney transplant.",I first had to consider the three scenarios I've given above. Then I'll proceed to the other scenarios that were available and prioritize some of them before making the decision.,1,0,0,1,0,0,0,1,"dep, obesity, reject_chance",10413406
0-4187985-138051,"Nothing for criminals, nothing for drinks, nothing for people with lesser body types","I didn't really have any issues, just who had less in a descending list of criteria",0,0,1,0,1,0,0,0,"years_waiting, alco",4187985
0-10750587-138051,"priority given to number of dependents, years on list, chance of survival.",number of dependents,1,0,1,0,0,0,0,1,"dep, years_waiting, reject_chance",10750587
0-6995884-138051,"Each one was different. I looked at the crimes first, then the expected years of living after and went from there. This was hard. ",This was SO hard. I went by who waited the longest and the rejection rate. ,0,0,1,0,0,0,1,1,"years_waiting, crim, reject_chance",6995884
0-10426892-138051,"I really do not have any specific strategy, but the most relevant of them I consider, mostly in choosing, is the patient having a greater number of life years gained from the transplant,                   a patient having a smaller chance of their immune system rejecting the transplanted kidney within a period and patient being able to work a greater number of hours per week after transplant. ",I consider other scenarios in addition to the ones listed above ,1,1,1,0,0,1,0,1,"dep, life, years_waiting, work_hours, reject_chance",10426892
0-8268253-138051,I went by the percentage of their body accepting the transplant ,The life expectancy of the transplant ,0,1,0,0,0,0,0,1,"life, reject_chance",8268253
0-10735361-138051,number of years gained after surgery,chances of immune system failure,0,1,0,0,0,0,0,1,"life, reject_chance",10735361
0-10713489-138051,I had a grading system on the variables that I ranked in order of importance. ,I found if they tied on my grading chart I would revert mostly to how long their lives would be extended if they received a successful transplant. ,0,0,0,0,0,0,0,1,reject_chance,10713489
0-9550059-138051,"Here's the deal. If A in the scenario will live longer than B after the transplant, then automatically I will choose A as the best fit for the kidney transplant. If their life years earned are the same, then I would look at patient's work force. How effective will the patient be after the transplant and how well will the patient's immune system accept the kidney after the transplant will then be my next comparison and in most cases I am able to pick the one who deserves the kidney before the remaining scenarios.","Exactly what I have written above. In my order of priority, those difficult situations went through the other scenarios and the best deserving would then be chosen ",1,1,0,0,0,1,0,1,"dep, life, work_hours, reject_chance",9550059
0-10681694-138051,Dependants and life expectancy time,How many kids there were,1,1,0,0,0,0,0,0,"dep, life",10681694
0-7843734-138051,"Who had been on there the longest and in the event it was the same, who had the most dependents",Either percentage or child dependents. I didn't really care much about the years gained because it shouldn't matter,1,1,0,0,0,0,0,1,"dep, life, reject_chance",7843734
0-5486468-138051,"Life expectancy, rejection",Dependents,1,1,0,0,0,0,0,1,"dep, life, reject_chance",5486468
0-4838513-138051,I looked at the information given as a whole for each patient and picked who I thought it would better help.,"I looked at the number of dependent children, the life span gained, and the percentage of possible rejection and picked who I thought could benefit more.",1,1,0,0,0,0,0,1,"dep, life, reject_chance",4838513
0-10750530-138051,"I looked at the life expectancy, as well as the chances of the kidneys being rejected.",Not only did I look at life expectancy and kidney rejection but I also looked at who was on the wait list longer and who would have a better chance at life.,1,1,1,0,0,0,0,1,"dep, life, years_waiting, reject_chance",10750530
0-8475727-138051,"I largely focused at the probability of rejection and length of life they would gain, as well as dependants",Whoever had the least likely risk of failure while getting the most years,0,1,0,0,0,0,0,1,"life, reject_chance",8475727
0-3928887-138051,Mainly the years of life expectancy gained and rejection rate. After these two dependents played the next biggest factor ,Lowest rejection rate and dependents ,1,1,0,0,0,0,0,1,"dep, life, reject_chance",3928887
0-1820786-138051,The higher the rejection percentage the lower the chance I'd pick them.,Least amount of violent crimes and who had childern,1,0,0,0,0,0,1,1,"dep, crim, reject_chance",1820786
0-2289549-138051,Life expectancy ,"How many dependents, quality of life, weather they can work.",1,1,0,0,0,1,0,0,"dep, life, work_hours",2289549
0-10790802-138051,The years they would gain after and the rejection percentage were my main 2 reasons but I also factored in the years they had been waiting for a kidney ,Years gained and years on the waiting list,1,1,1,0,0,0,0,1,"dep, life, years_waiting, reject_chance",10790802
0-8961774-138051,Years on the list,Years on the list and child dependants,1,0,1,0,0,0,0,0,"dep, years_waiting",8961774
0-287758-138051,o used the strategy of who wo7kd be best for society like the # of crimes then kids then kidney reject and so on.,"I ultimately kept go8ng through the data until there was no difference.  if the crimes, kids were the same and the reject % was different, I chose the one with the lowest reject %.",1,0,0,0,0,0,1,1,"dep, crim, reject_chance",287758
0-10773648-138051,I first looked at the likelyhood of the body rejectinh the kidney then how many years it would give a person followed by wight and dependents,I went down the line of criteria to choose the best possible person for the kidney,1,0,0,0,0,0,0,1,"dep, reject_chance",10773648
0-10499199-138051,I considered those who will possibly live long when given the kidney transplant first then conpared their chances of their immune system rejecting the transplant before considering any other scenario,In most tough situations where the above becomes difficult to make a choice then i considered their period of waitng for the transplant and their work per hour in a week after the transplant&,1,0,1,0,0,1,0,1,"dep, years_waiting, work_hours, reject_chance",10499199
0-8999200-138051,What would give them the most quality of life and who would benefit the most such as their family and children,I just tried to analyze who deserved it the most,1,1,0,0,0,0,0,0,"dep, life",8999200
0-3209886-138051,"Primarily I compared the gain of years vs the chance of rejection. When they were equal, I looked at hours expected to work because I felt that indicated life quality.","In order, gain of life years vs chance of rejection, then potential hours to work, then years waiting, past violent crimes, and last, I looked at number of dependants ",0,1,1,0,0,1,1,1,"life, years_waiting, work_hours, crim, reject_chance",3209886
0-3786009-138051,The years they would gain and the percentage change of rejection. Also I looked at children and then weight.,I decided whether they had children or there weight.,1,1,0,1,0,0,0,1,"dep, life, obesity, reject_chance",3786009
0-10835345-138051,"Violent crimes, and years they would gain from it and sometimes the kids.",If it was difficult I blindly picked to be honest.,1,1,0,0,0,0,1,0,"dep, life, crim",10835345
0-4779161-138051,"percent of rejection, years on transplant list ",children and alcoholic drinks ,1,0,1,0,1,0,0,1,"dep, years_waiting, alco, reject_chance",4779161
0-10678849-138051,I took into consideration all things. Especially children and life expectancy.  ,When it became difficult to decide i looked at how man y hours a week they would be able to work after surgery. ,1,1,0,0,0,1,0,0,"dep, life, work_hours",10678849
0-7164735-138051,Which one is least likely to reject the new kidney ,Length added to live,1,0,0,0,0,0,0,1,"dep, reject_chance",7164735
0-9256685-138051,"I went down the list and tried to assign importance to each thing. For instance how many years would it add to a person's life, then what percentage would their system refuse the implant. Then just continued down the list.","I used the process of elimination and narrowed it down. Such as how many years would a transplant add to someone's life, how many dependants do they have, what percentage would their system rejected it. I did this until I could pick one.",0,1,1,0,0,0,0,1,"life, years_waiting, reject_chance",9256685
0-4170692-138051,"Used all info in totality and steo gly consodered #yrs on liat, yrs gained and weight","Considered yrs gained, yrs on list and weight",0,1,1,1,0,0,0,0,"life, years_waiting, obesity",4170692
0-10836276-138051,"My strategy was start with the alcohol, past crimes, kidney rejection,life expectancy,kids",Projected rejection and life expectancy ,1,1,0,0,1,0,1,1,"dep, life, alco, crim, reject_chance",10836276
0-2736219-138051,Determining who has been waiting the longest and number of dependents,I based it on the number of dependents and how their body will respond,1,0,1,0,0,0,0,0,"dep, years_waiting",2736219
0-6497857-138051,"I first looked at the percentage of kidney failure risk, then number of dependents.",The number of dependents. I couldn't choose to pass up a parent if i had to.,1,0,0,0,0,0,0,1,"dep, reject_chance",6497857
0-2705475-138051,"Number of children, how long they will live, hours worked, chances of rejection",When most were equal but there weresl more dependents on the one i didnt decide to choose.,1,0,0,0,0,1,0,1,"dep, work_hours, reject_chance",2705475
0-4715101-138051,I looked at how long a patient had been on the waiting list and also how much time a kidney would buy them,In some of the scenarios when most of them were the same questions i went with the one who had dependents or more dependents sense i had to decide,1,0,1,0,0,0,0,0,"dep, years_waiting",4715101
0-2873289-138051,"My main one was look at the rejection percent. After i would consider other stuff like dependants. Alcohol, and others","If i found rejection was similar i would at the other stuff provided and decided based on those, espicially on dependants  with amount of time they can survive",0,0,0,0,1,0,0,1,"alco, reject_chance",2873289
0-4782868-138051,Point system. Having dependents=positive 1 Violent crimes=negative 1 etc.,The person with kids got the edge.,1,0,0,0,0,0,1,0,"dep, crim",4782868
0-10062423-138051,"Comparing mainly dependants, crimes and wait time",Either a less violent person or a more controlled person,0,0,1,0,0,0,1,0,"years_waiting, crim",10062423
0-3374235-138051,"I prioritized years of life gained and the number of child dependents. This is a more utilitarian approach than trying to make value judgements about who ""deserves"" it based on the other criteria. First and foremost, which family would get the most time. ","I tried to think of it as a transaction in which you're trying to get the most bang for your buck, so ultimately it came down to time gained for me most of the time. But not just time gained by the patient, but also time any children would gain with their parent, because that will reverberate for many years down the course of their whole lives. ",1,1,0,0,0,0,0,0,"dep, life",3374235
0-1202518-138051,The max benefit and impacts on society,The one with the most dependents and the non criminal got the kidney. Also if they had a really high life expectancy after they got the kidney.. i also did not give the kidney to those with high rejection rate,1,1,0,0,0,0,0,1,"dep, life, reject_chance",1202518
0-9866441-138051,"Life expectancy, number of dependents, rejection percentage ",When they were all similar statistics except for weight ,1,1,0,1,0,0,0,1,"dep, life, obesity, reject_chance",9866441
0-2476915-138051,The % rate of a successful  transplant and life year  gained ,Who was of healthier  weight ,0,1,0,1,0,0,0,1,"life, obesity, reject_chance",2476915
0-9982137-138051,if they have children or not,crime history,1,0,0,0,0,0,1,0,"dep, crim",9982137
0-1187370-138051,"I decided which factors played the biggest role in my choice the first being the combination of how many years gained, waited and percent of rejection.","When the most important factors were equal or close to I loved on to less important such as dependants, hours able to work and violent crimes.",0,1,1,0,0,1,1,1,"life, years_waiting, work_hours, crim, reject_chance",1187370
0-6755186-138051,"I tried to compare years gained first, followed by violent crime history, and dependents.  All other factors weighed in on lesser amounts except for obesity level, which I didn't factor in much.",I'm difficult scenarios I defaulted to who gained more years or had a lower history of violent crime.,1,1,0,1,0,0,1,0,"dep, life, obesity, crim",6755186
0-9193144-138051,Who gained more years or had more dependents ,Less chance of rejection or more dependents or more years to be gained ,1,1,0,0,0,0,0,1,"dep, life, reject_chance",9193144
0-10874615-138051,Years gained and dependants ,"Years gained, dependants, rejection possibility, violeyears gained and dependentsnt crimes ",1,1,0,0,0,0,1,1,"dep, life, crim, reject_chance",10874615
0-3744047-138051,Percent chance for rejection and life years gained were most i.portant.,Least ammount violent crimes was tie breaker.,0,1,0,0,0,0,1,1,"life, crim, reject_chance",3744047
0-8927100-138051,If the kidney would take and number of years to live,How many children they had,1,0,0,0,0,0,0,0,dep,8927100
0-2134446-138051,"I chose the better life years, and also referenced % chance of failure. If those were the same then I went to years on wait list. ","Life years, survivability, wait list, dependents",1,1,1,0,0,0,0,1,"dep, life, years_waiting, reject_chance",2134446
0-9970784-138051,Number of years on waiting list. ,Random,0,0,1,0,0,0,0,0,years_waiting,9970784
0-10889686-138051,"I evaluated the info provided by comparing chances of rejection, life years to be gained, criminal activity, and number of child dependents. I tried to choose those who'd had the least violent criminal activity, the most life years to be gained, most dependents, and least chances of rejection.","In this case, I chose the patient based on several independent factors rather than as a whole, if that makes sense.",1,1,0,0,0,0,1,1,"dep, life, crim, reject_chance",10889686
0-7569287-138051,"What matters the most mostly, time.",The kids.,1,0,0,0,0,0,0,0,dep,7569287
0-10875690-138051,I looked at how many years they would get and their chance of their body rejecting,I went with who had kids,1,0,0,0,0,0,0,1,"dep, reject_chance",10875690
0-6532145-138051,I used the number of years that would be gained and the lowest percentage of body rejection as well as the number of dependents and the time they were on the list for transplant. ,"I chose the longest years added to their life, then the lowest percentage of body rejection, then the lowest number of dependents,  then the longest time on the transplant list ",1,1,1,0,0,0,0,1,"dep, life, years_waiting, reject_chance",6532145
0-3517997-138051,"Dependents, rejection rate, alcohol before, life gain and contribution to society (work) were my main focus points, then weight and others. ",If they had children they went before unless the lifespan was considerably less. Some were extremely. I took how long on the list into major factor too. ,1,1,1,1,1,1,0,1,"dep, life, years_waiting, obesity, alco, work_hours, reject_chance",3517997
0-10917629-138051,I looked at their children and drinking habits,Decided by who would be able to give back the most to the community,1,0,0,0,1,0,0,0,"dep, alco",10917629
0-10954028-138051,"I decided to look at the possibility that the body will reject the kidney and whichever was less would get it. If it was equal, then I would look at the weight. And then if that was equal I would look at the hours worked.",I just listed my priorities and would go down the line of the next priority.,1,0,1,1,0,1,0,1,"dep, years_waiting, obesity, work_hours, reject_chance",10954028
0-9871233-138051,I decided to go with the least percentage of rejection ,I went with patient who was had dependents and also longer wait time,1,0,1,0,0,0,0,1,"dep, years_waiting, reject_chance",9871233
0-10940599-138051,"Number of dependants, years on transplant list, weight, years to live after transplant","Years to live after transplant, risk of infection after surgery ",0,0,1,1,0,0,0,0,"years_waiting, obesity",10940599
0-9203192-138051,I went for the number of violent crimes prioritizing innocent people first,The amound of child dependents made me think about it.,1,0,0,0,0,0,1,0,"dep, crim",9203192
0-6295129-138051,"I looked at the numbers of depentands, life expectsncy, and weight levels",Overall need,0,1,0,1,0,0,0,0,"life, obesity",6295129
0-9136442-138051,"How long their going to live, the chances of their immunes system to accept the kidney that was given to them, their dependent and their weight.",Its hard when everyone deserve to live more but I decide ro which one that can live longer to the kidney that was given to them.,1,0,0,1,0,0,0,1,"dep, obesity, reject_chance",9136442
0-9355506-138051,"I compared years on the waiting list, chance of rejection in the near future, and life years to be gained.",I kept tapping the center until my thumb picked either Patient A or Patient B.,0,1,1,0,0,0,0,1,"life, years_waiting, reject_chance",9355506
0-5731984-138051,Life years after the procedure ,Life years and dependant children ,1,1,0,0,0,0,0,0,"dep, life",5731984
0-9752535-138051,Who was on the wait list longer and how much more time was given to them ,Who has more kids,1,0,1,0,0,0,0,0,"dep, years_waiting",9752535
0-5802021-138051,"Overall I focused on the amount of years the patient would be on the waiting list, as well as the percentage of the transplant failing.","For the most part, I focused on their number of dependents as well as if the patient would be able to work any to support self and dependents in the future.",1,0,1,0,0,1,0,1,"dep, years_waiting, work_hours, reject_chance",5802021
0-2180819-138051,"The first criteria that I looked at was the amount of years that could be gained after the operation, and I also looked at the percentage of potential rejection of the kidney. Those are my top two criteria followed by how many years they were on the wait list already.","I tried not to let factors like weight and number of dependents and hours to be worked Factor too much into the decision, as weight could change, and the work situation could change as well. I felt the underlying importance would be to look at the overall years that could be gained, as well as how long they waited and the chances of a successful operation.",1,1,1,1,0,1,0,1,"dep, life, years_waiting, obesity, work_hours, reject_chance",2180819
0-6772642-138051,"Look at number of dependents, then % of rejection and amount of years patient can live, then years on waiting list.",I look at number of dependents as one of top deciding factors ,1,0,1,0,0,0,0,1,"dep, years_waiting, reject_chance",6772642
0-6685738-138051,First looked at years of life gained and chance of rejection. Then years on list. Finally dependents and crimes,Weighted years against likelihood of rejection and favored  longer on wait list,1,1,1,1,0,0,1,1,"dep, life, years_waiting, obesity, crim, reject_chance",6685738
0-6543678-138051,Looked at everything as a whole.,Life gained ,0,1,0,0,0,0,0,0,life,6543678
0-4050566-138051,Who will benefit the most years and who waited very long on the waitlist.,The rejection rate if the surgery.,0,0,1,0,0,0,0,1,"years_waiting, reject_chance",4050566
0-4796785-138051,Chance of rejection of kidney,Most life years gained,1,1,0,0,0,0,0,1,"dep, life, reject_chance",4796785
0-3566798-138051,"I started with looking at how many years of life they would get along with past violent crimes. Next I would look at the years on the waiting list, chance of failure and number of dependents",Someone who would get more life out of it. ,1,1,1,0,0,0,1,1,"dep, life, years_waiting, crim, reject_chance",3566798
0-10633152-138051,likelihood that the transplant will be successful and benefit the patient's quality of life,"Looking at potential long-term outcomes for each patient, including life expectancy and quality of life improvements post-transplant",0,1,0,0,0,0,0,1,"life, reject_chance",10633152
0-2362396-138051,First the percentage it would fail then how many more years added to their lives ,"I went in this order;; Fail percetage, years added, dependants, waiting list, crimes, hours work",0,0,1,0,0,1,1,1,"years_waiting, work_hours, crim, reject_chance",2362396
0-5114880-138051,Based on rejection they may have or life expectancy. ,How many years theyve been on the list or how many dependents. ,1,1,1,0,0,0,0,1,"dep, life, years_waiting, reject_chance",5114880
0-11020434-138051,"So if the patient was only going to gain one year or less, I pretty much always chose the higher expected life span from receiving the kidney. I feel like one year just isn't enough to warrant receiving it over someone who will gain 5+. I know this can seem cruel as even one extra year is probably seen as a god send for anyone on their deathbed but Im just trying to take emotion out of it",If they had kids it leaned towards them all other things being the same. If one was less violent it would lead towards them. Drinking less would also benefit the patient. Ultimately though it came down to time on the transplant list - if one was on it longer and would receive atleast 5+ years of life expectancy they received my vote,1,1,1,0,1,0,1,0,"dep, life, years_waiting, alco, crim",11020434
0-3516652-138051,"Number of dependets, then years then percentage of rejection ",Percentage of rejection ,0,0,0,0,0,0,0,1,reject_chance,3516652
0-11034831-138051,Rejection percentage 1st,If rejection percentage is the same then I look at life/years gained from the transplant,0,1,0,0,0,0,0,1,"life, reject_chance",11034831
0-11052140-138051,Life expectancy and percentage chance,The patient who seemed in better health by alcoholic drinks and size,0,1,0,0,1,0,0,1,"life, alco, reject_chance",11052140
0-4035470-138051,The amount of years gained and rejection estimation first.,How much they drank and violent crimes to determine if they would take care of their body.,0,1,0,0,0,0,1,1,"life, crim, reject_chance",4035470
0-4254843-138051,"I looked at 2 main things: life expectancy, percentage chance","I looked at percentage chance, alcohol drinking, sometimes dependents.",1,1,0,0,1,0,0,1,"dep, life, alco, reject_chance",4254843
0-5017701-138051,"I tried to balance different factors such as years on the wait list, years gained, number of dependents, etc.",I considered the number of years gained and the number of children.,1,1,1,0,0,0,0,0,"dep, life, years_waiting",5017701
0-4221331-138051,Time on list > years gained > number of children,One that could work stress free,1,1,1,0,0,1,0,0,"dep, life, years_waiting, work_hours",4221331
