tid,Age,Race,Gender,Race_Group,Age_Group,Full_Group,religion,how_religious,social_political_orientation,economic_political_orientation,marital_status,education,employment,household income
2750733,29,Black or African American,Female,Black,18-30,"18-30, Female, Black/African-American",Other,0,2,2,Single,"High school graduate (high school diploma, or a legally-accepted equivalent)",Unable to work,"$20,001 - $40,000"
3392798,38,Black or African American,Female,Black,31-50,"31-50, Female, Black/African-American",Christianity/Non-Catholic,3,3,3,Single,Bachelor's degree,Employed for wages full-time,"$100,001 - $150,000"
8673096,50,White,Male,White,+50,">50, Male, White",Christianity/Non-Catholic,4,4,4,Married,"High school graduate (high school diploma, or a legally-accepted equivalent)",Employed for wages full-time,"$80,001 - $100,000"
3403162,35,White,Female,White,31-50,"31-50, Female, White",Christianity/Non-Catholic,4,5,5,Engaged,"High school graduate (high school diploma, or a legally-accepted equivalent)","A homemaker,A student","$40,001 - $60,000"
3279236,37,Hispanic,Female,,31-50,,Prefer not to answer,6,2,2,Never married and not currently engaged,Associate degree,A homemaker,"$40,001 - $60,000"
5013312,19,White,Female,White,18-30,"18-30, Female, White",Other,2,4,3,Single,"High school graduate (high school diploma, or a legally-accepted equivalent)",Employed for wages full-time,"$40,001 - $60,000"
7883889,31,White,Female,White,31-50,"31-50, Female, White",Other,4,4,4,Never married and not currently engaged,Nursery school to 8th grade,A homemaker,"$0 - $20,000"
7016730,42,White,Female,White,31-50,"31-50, Female, White",Christianity/Non-Catholic,3,8,8,Engaged,"Some college, but no college degree",A homemaker,"$20,001 - $40,000"
6500899,47,White,Female,White,31-50,"31-50, Female, White",Other,1,4,4,Married,"High school graduate (high school diploma, or a legally-accepted equivalent)",Unable to work,"$80,001 - $100,000"
7922195,34,White,Female,White,31-50,"31-50, Female, White",Christianity/Non-Catholic,1,4,4,Engaged,"Some college, but no college degree",Employed for wages part-time,"$40,001 - $60,000"
5118197,41,"White,Hispanic",Male,White,31-50,"31-50, Male, White",Christianity/Catholic,5,5,5,Divorced,Bachelor's degree,Employed for wages full-time,"$60,001 - $80,000"
3666540,38,White,Female,White,31-50,"31-50, Female, White",Other,1,1,2,Married,"Some high school, no diploma",A homemaker,"$40,001 - $60,000"
6101370,39,White,Female,White,31-50,"31-50, Female, White",Prefer not to answer,2,6,6,Single,"Some high school, no diploma","Out of work, and looking for work","$60,001 - $80,000"
5344952,27,White,Male,White,18-30,"18-30, Male, White",Christianity/Non-Catholic,4,4,4,Single,"High school graduate (high school diploma, or a legally-accepted equivalent)",Employed for wages full-time,"$40,001 - $60,000"
4656519,46,White,Female,White,31-50,"31-50, Female, White",Other,0,4,4,Divorced,Associate degree,A homemaker,"$60,001 - $80,000"
4279583,30,"White,Hispanic",Male,White,18-30,"18-30, Male, White",Christianity/Catholic,6,3,3,Married,"Some college, but no college degree",Employed for wages full-time,"$40,001 - $60,000"
5897270,55,White,Female,White,+50,">50, Female, White",Other,6,5,5,Divorced,"Some college, but no college degree",A homemaker,"$80,001 - $100,000"
10634317,23,Black or African American,Female,Black,18-30,"18-30, Female, Black/African-American",Other,8,5,6,Single,"Some college, but no college degree","Out of work, and looking for work,A student","$0 - $20,000"
2397968,39,Hispanic,Male,,31-50,,Prefer not to answer,4,1,1,Single,"High school graduate (high school diploma, or a legally-accepted equivalent)",Employed for wages full-time,"$80,001 - $100,000"
3884870,21,Asian,Male,Asian,18-30,,Prefer not to answer,2,3,3,Single,"Some college, but no college degree",A student,"$60,001 - $80,000"
10516071,32,White,Male,White,31-50,"31-50, Male, White",Christianity/Catholic,8,8,8,Married,"Doctorate degree (examples: PhD, EdD)",Employed for wages full-time,"$250,001+"
6737203,43,Asian,Female,Asian,31-50,,Prefer not to answer,0,4,4,Married,Master's degree,A homemaker,"$100,001 - $150,000"
4075424,46,White,Female,White,31-50,"31-50, Female, White",Christianity/Catholic,1,3,3,Married,"Some college, but no college degree",A homemaker,"$0 - $20,000"
3262523,43,Black or African American,Female,Black,31-50,"31-50, Female, Black/African-American",Christianity/Non-Catholic,8,8,8,Married,Associate degree,Employed for wages full-time,"$40,001 - $60,000"
10320884,35,Hispanic,Male,,31-50,,Prefer not to answer,7,6,6,Never married and not currently engaged,"High school graduate (high school diploma, or a legally-accepted equivalent)",Employed for wages full-time,Not sure/prefer not to answer
9239646,43,White,Female,White,31-50,"31-50, Female, White",Other,1,0,1,Married,"Some college, but no college degree",A homemaker,"$20,001 - $40,000"
3659045,36,Hispanic,Male,,31-50,,Christianity/Catholic,1,2,1,Married,Associate degree,Employed for wages full-time,"$40,001 - $60,000"
8816044,26,"White,Black or African American",Female,Black,18-30,"18-30, Female, Black/African-American",Other,6,0,1,Engaged,"Some high school, no diploma",A homemaker,"$0 - $20,000"
6712607,28,White,Female,White,18-30,"18-30, Female, White",Other,5,2,3,Never married and not currently engaged,"Some high school, no diploma",Unable to work,Not sure/prefer not to answer
7245996,26,White,Female,White,18-30,"18-30, Female, White",Prefer not to answer,0,4,5,Married,"High school graduate (high school diploma, or a legally-accepted equivalent)",Employed for wages part-time,"$0 - $20,000"
10333501,22,White,Male,White,18-30,"18-30, Male, White",Other,0,4,4,Single,"High school graduate (high school diploma, or a legally-accepted equivalent)",Employed for wages full-time,"$20,001 - $40,000"
3039213,44,White,Female,White,31-50,"31-50, Female, White",Other,0,5,5,Married,Bachelor's degree,Employed for wages full-time,"$60,001 - $80,000"
10509099,21,"White,Hispanic,American Indian and Alaska Native alone",Female,AmericanIndian/Other,18-30,,Other,4,4,4,Single,"High school graduate (high school diploma, or a legally-accepted equivalent)",Employed for wages part-time,"$0 - $20,000"
10619514,29,White,Male,White,18-30,"18-30, Male, White",Christianity/Catholic,8,7,8,Married,Master's degree,Employed for wages full-time,"$250,001+"
10577430,31,White,Male,White,31-50,"31-50, Male, White",Christianity/Catholic,8,8,8,Married,Master's degree,Employed for wages full-time,"$250,001+"
10611955,54,White,Male,White,+50,">50, Male, White",Christianity/Catholic,8,8,3,Married,Master's degree,Employed for wages full-time,"$150,001 - $250,000"
6035699,44,White,Male,White,31-50,"31-50, Male, White",Christianity/Non-Catholic,3,2,2,Divorced,Bachelor's degree,Employed for wages full-time,"$40,001 - $60,000"
6008591,30,Asian,Female,Asian,18-30,,Buddhism,0,2,2,Married,Bachelor's degree,Employed for wages part-time,"$80,001 - $100,000"
10403590,38,White,Male,White,31-50,"31-50, Male, White",Christianity/Catholic,8,6,7,Single,Bachelor's degree,Employed for wages full-time,"$100,001 - $150,000"
3563903,34,Hispanic,Male,,31-50,,Christianity/Catholic,0,4,4,Single,"Some college, but no college degree",Unable to work,"$0 - $20,000"
10604772,35,White,Male,White,31-50,"31-50, Male, White",Christianity/Catholic,8,7,7,Married,"Doctorate degree (examples: PhD, EdD)",Employed for wages full-time,"$250,001+"
5048210,26,Black or African American,Female,Black,18-30,"18-30, Female, Black/African-American",Christianity/Non-Catholic,4,2,3,Divorced,Bachelor's degree,A student,"$40,001 - $60,000"
10547971,49,White,Male,White,31-50,"31-50, Male, White",Christianity/Non-Catholic,7,7,8,Married,Master's degree,Self-employed,"$150,001 - $250,000"
9034287,48,White,Male,White,31-50,"31-50, Male, White",Christianity/Catholic,8,7,6,Married,"Doctorate degree (examples: PhD, EdD)",Employed for wages full-time,"$250,001+"
4607677,68,White,Female,White,+50,">50, Female, White",Christianity/Non-Catholic,7,4,4,Married,"High school graduate (high school diploma, or a legally-accepted equivalent)",A homemaker,"$20,001 - $40,000"
9910047,33,Asian,Male,Asian,31-50,,Prefer not to answer,0,4,3,Married,Bachelor's degree,Employed for wages full-time,"$100,001 - $150,000"
3546052,41,Black or African American,Male,Black,31-50,"31-50, Male, Black/African-American",Christianity/Non-Catholic,8,4,4,Married,"Some college, but no college degree",Employed for wages full-time,"$40,001 - $60,000"
4912241,34,White,Female,White,31-50,"31-50, Female, White",Christianity/Non-Catholic,8,8,8,Never married and not currently engaged,"Some college, but no college degree",A homemaker,"$0 - $20,000"
8610327,29,White,Female,White,18-30,"18-30, Female, White",Christianity/Non-Catholic,2,2,3,Never married and not currently engaged,"Some college, but no college degree",Employed for wages full-time,"$20,001 - $40,000"
10624520,40,White,Male,White,31-50,"31-50, Male, White",Christianity/Non-Catholic,8,7,5,Divorced,"Some college, but no college degree",A student,"$40,001 - $60,000"
10426801,62,White,Male,White,+50,">50, Male, White",Christianity/Catholic,6,6,5,Married,Master's degree,Retired,"$100,001 - $150,000"
3270164,42,White,Female,White,31-50,"31-50, Female, White",Prefer not to answer,0,4,4,Single,"High school graduate (high school diploma, or a legally-accepted equivalent)",Unable to work,"$0 - $20,000"
6439991,33,White,Female,White,31-50,"31-50, Female, White",Other,4,5,5,Married,"Some college, but no college degree",A homemaker,"$40,001 - $60,000"
9014888,53,White,Male,White,+50,">50, Male, White",Hinduism,7,8,7,Married,Master's degree,Employed for wages full-time,"$250,001+"
6411835,45,White,Female,White,31-50,"31-50, Female, White",Christianity/Non-Catholic,4,6,5,Never married and not currently engaged,"Some high school, no diploma",A homemaker,"$60,001 - $80,000"
10532033,22,White,Male,White,18-30,"18-30, Male, White",Christianity/Catholic,6,6,3,Married,"Some college, but no college degree",Employed for wages part-time,"$80,001 - $100,000"
3666109,28,Hispanic,Female,,18-30,,Other,0,3,3,Never married and not currently engaged,Bachelor's degree,Employed for wages part-time,"$40,001 - $60,000"
6516185,50,"White,Hispanic",Female,White,+50,">50, Female, White",Christianity/Catholic,0,4,4,Separated,"High school graduate (high school diploma, or a legally-accepted equivalent)",Self-employed,"$0 - $20,000"
10117968,33,White,Female,White,31-50,"31-50, Female, White",Christianity/Non-Catholic,7,7,7,Married,Bachelor's degree,A homemaker,Not sure/prefer not to answer
8373413,36,White,Female,White,31-50,"31-50, Female, White",Christianity/Non-Catholic,6,4,4,Engaged,"Some college, but no college degree",A homemaker,"$60,001 - $80,000"
2744410,68,White,Female,White,+50,">50, Female, White",Christianity/Catholic,8,8,8,Never married and not currently engaged,"High school graduate (high school diploma, or a legally-accepted equivalent)",Employed for wages full-time,"$20,001 - $40,000"
3560087,27,Hispanic,Male,,18-30,,Prefer not to answer,0,8,7,Single,Master's degree,Employed for wages full-time,"$60,001 - $80,000"
10622992,31,White,Male,White,31-50,"31-50, Male, White",Christianity/Catholic,8,8,8,Married,Master's degree,Employed for wages full-time,"$250,001+"
5342663,26,White,Female,White,18-30,"18-30, Female, White",Other,0,4,4,Single,"High school graduate (high school diploma, or a legally-accepted equivalent)","Out of work, and looking for work","$20,001 - $40,000"
5806546,29,White,Female,White,18-30,"18-30, Female, White",Other,0,4,4,Never married and not currently engaged,"Some college, but no college degree","Out of work, but not currently looking for work","$20,001 - $40,000"
2332312,43,White,Female,White,31-50,"31-50, Female, White",Christianity/Non-Catholic,8,4,4,Engaged,"High school graduate (high school diploma, or a legally-accepted equivalent)",A homemaker,"$0 - $20,000"
10622439,32,White,Male,White,31-50,"31-50, Male, White",Christianity/Catholic,8,8,8,Married,Master's degree,Employed for wages full-time,"$250,001+"
2418897,50,Hispanic,Male,,+50,,Christianity/Non-Catholic,6,7,7,Married,Bachelor's degree,Employed for wages full-time,"$150,001 - $250,000"
4864992,29,White,Female,White,18-30,"18-30, Female, White",Prefer not to answer,1,5,5,Single,"Some college, but no college degree",A student,"$60,001 - $80,000"
10622437,31,White,Male,White,31-50,"31-50, Male, White",Christianity/Catholic,8,8,8,Married,Master's degree,Employed for wages full-time,"$250,001+"
7202066,43,White,Female,White,31-50,"31-50, Female, White",Other,0,1,0,Divorced,"Some college, but no college degree",Employed for wages full-time,"$60,001 - $80,000"
10556504,41,White,Male,White,31-50,"31-50, Male, White",Christianity/Catholic,7,7,8,Married,"Doctorate degree (examples: PhD, EdD)",Employed for wages full-time,"$250,001+"
4918623,39,White,Female,White,31-50,"31-50, Female, White",Christianity/Catholic,0,0,0,Widowed,"High school graduate (high school diploma, or a legally-accepted equivalent)",Unable to work,"$20,001 - $40,000"
3054054,53,White,Female,White,+50,">50, Female, White",Christianity/Catholic,3,4,4,Never married and not currently engaged,Associate degree,Employed for wages full-time,"$40,001 - $60,000"
9502522,29,White,Other (Please specify in box below),White,18-30,,Other,6,0,2,Never married and not currently engaged,"High school graduate (high school diploma, or a legally-accepted equivalent)",Employed for wages part-time,"$40,001 - $60,000"
6840402,42,White,Female,White,31-50,"31-50, Female, White",Prefer not to answer,0,4,4,Married,Associate degree,A homemaker,"$20,001 - $40,000"
8001648,29,Black or African American,Male,Black,18-30,"18-30, Male, Black/African-American",Christianity/Non-Catholic,2,4,4,Single,"Some college, but no college degree",Employed for wages part-time,"$20,001 - $40,000"
10556494,45,White,Male,White,31-50,"31-50, Male, White",Muslim/Islam,8,8,8,Married,"Doctorate degree (examples: PhD, EdD)",Employed for wages full-time,"$250,001+"
10546337,54,White,Male,White,+50,">50, Male, White",Buddhism,7,7,6,Married,Master's degree,Employed for wages full-time,"$150,001 - $250,000"
3172096,32,White,Female,White,31-50,"31-50, Female, White",Christianity/Non-Catholic,6,4,4,Never married and not currently engaged,"Some college, but no college degree",Employed for wages part-time,"$0 - $20,000"
7301290,37,White,Male,White,31-50,"31-50, Male, White",Christianity/Catholic,7,1,1,Single,Master's degree,Employed for wages full-time,"$250,001+"
5481805,31,Asian,Male,Asian,31-50,,Hinduism,5,1,2,Married,"Professional degree (examples: MD, DDS, DVM, LLB, JD",Employed for wages full-time,"$250,001+"
2320653,36,White,Female,White,31-50,"31-50, Female, White",Other,0,0,0,Never married and not currently engaged,Bachelor's degree,Employed for wages full-time,"$80,001 - $100,000"
10572874,25,White,Male,White,18-30,"18-30, Male, White",Prefer not to answer,2,4,4,Single,Bachelor's degree,Employed for wages full-time,"$20,001 - $40,000"
4516950,42,White,Female,White,31-50,"31-50, Female, White",Other,2,6,5,Never married and not currently engaged,"High school graduate (high school diploma, or a legally-accepted equivalent)",Unable to work,"$40,001 - $60,000"
9330751,47,White,Male,White,31-50,"31-50, Male, White",Christianity/Catholic,7,6,7,Married,Master's degree,Employed for wages full-time,"$250,001+"
2720702,34,White,Female,White,31-50,"31-50, Female, White",Other,0,6,6,Never married and not currently engaged,"High school graduate (high school diploma, or a legally-accepted equivalent)",A homemaker,"$80,001 - $100,000"
9137373,50,White,Male,White,+50,">50, Male, White",Judaism,7,7,8,Married,"Professional degree (examples: MD, DDS, DVM, LLB, JD",Employed for wages full-time,"$250,001+"
5109645,38,White,Male,White,31-50,"31-50, Male, White",Christianity/Non-Catholic,4,5,5,Never married and not currently engaged,Associate degree,Employed for wages full-time,"$100,001 - $150,000"
2977868,37,White,Female,White,31-50,"31-50, Female, White",Christianity/Non-Catholic,8,8,8,Never married and not currently engaged,Bachelor's degree,Employed for wages full-time,"$60,001 - $80,000"
3018375,48,White,Female,White,31-50,"31-50, Female, White",Christianity/Non-Catholic,6,6,6,Married,Bachelor's degree,A homemaker,"$150,001 - $250,000"
9411570,25,Black or African American,Female,Black,18-30,"18-30, Female, Black/African-American",Christianity/Non-Catholic,2,2,2,Single,Bachelor's degree,Employed for wages full-time,"$40,001 - $60,000"
10378191,41,White,Female,White,31-50,"31-50, Female, White",Christianity/Non-Catholic,6,6,5,Married,Bachelor's degree,"Out of work, and looking for work,A homemaker","$60,001 - $80,000"
6948737,53,White,Female,White,+50,">50, Female, White",Other,0,2,3,Never married and not currently engaged,Bachelor's degree,"Out of work, and looking for work","$40,001 - $60,000"
10172041,25,Black or African American,Female,Black,18-30,"18-30, Female, Black/African-American",Muslim/Islam,6,4,4,Single,Associate degree,A student,Not sure/prefer not to answer
8555258,53,"White,Black or African American,American Indian and Alaska Native alone",Female,AmericanIndian/Other,+50,,"Christianity/Catholic,Other",2,1,1,Divorced,"Some college, but no college degree",Retired,"$0 - $20,000"
7225224,41,White,Female,White,31-50,"31-50, Female, White",Prefer not to answer,0,8,4,Divorced,"Some college, but no college degree",Employed for wages full-time,"$40,001 - $60,000"
7979395,37,White,Female,White,31-50,"31-50, Female, White",Prefer not to answer,0,3,3,Prefer not to answer,"High school graduate (high school diploma, or a legally-accepted equivalent)",Unable to work,"$40,001 - $60,000"
10532778,22,White,Male,White,18-30,"18-30, Male, White",Christianity/Catholic,6,6,4,Single,"High school graduate (high school diploma, or a legally-accepted equivalent)",Employed for wages part-time,"$100,001 - $150,000"
10516708,18,White,Female,White,18-30,"18-30, Female, White",Other,1,2,2,Single,Associate degree,Employed for wages full-time,"$60,001 - $80,000"
4937728,24,White,Female,White,18-30,"18-30, Female, White",Other,1,1,3,Married,"Some college, but no college degree",A homemaker,"$80,001 - $100,000"
7166280,28,White,Female,White,18-30,"18-30, Female, White",Christianity/Non-Catholic,3,6,5,Never married and not currently engaged,"High school graduate (high school diploma, or a legally-accepted equivalent)",Employed for wages part-time,"$40,001 - $60,000"
10575394,52,White,Male,White,+50,">50, Male, White",Christianity/Catholic,8,7,7,Married,"Doctorate degree (examples: PhD, EdD)",Employed for wages full-time,"$150,001 - $250,000"
8958247,41,White,Male,White,31-50,"31-50, Male, White",Christianity/Catholic,1,6,7,Single,"High school graduate (high school diploma, or a legally-accepted equivalent)",Employed for wages part-time,"$0 - $20,000"
7365057,41,Black or African American,Female,Black,31-50,"31-50, Female, Black/African-American",Other,4,6,6,Engaged,"High school graduate (high school diploma, or a legally-accepted equivalent)",Employed for wages full-time,"$100,001 - $150,000"
8914118,45,White,Male,White,31-50,"31-50, Male, White",Judaism,8,8,8,Married,"Doctorate degree (examples: PhD, EdD)",Employed for wages full-time,"$250,001+"
2997813,42,White,Male,White,31-50,"31-50, Male, White",Christianity/Non-Catholic,6,3,4,Married,Master's degree,A homemaker,"$150,001 - $250,000"
4869845,53,White,Female,White,+50,">50, Female, White",Christianity/Non-Catholic,8,4,4,Married,Associate degree,Employed for wages full-time,"$40,001 - $60,000"
2946285,47,"White,American Indian and Alaska Native alone",Male,AmericanIndian/Other,31-50,,Christianity/Non-Catholic,5,6,6,Divorced,"Professional degree (examples: MD, DDS, DVM, LLB, JD",Employed for wages full-time,"$150,001 - $250,000"
10149429,40,White,Female,White,31-50,"31-50, Female, White",Other,0,8,7,Married,"High school graduate (high school diploma, or a legally-accepted equivalent)",A homemaker,"$20,001 - $40,000"
8645877,35,White,Male,White,31-50,"31-50, Male, White",Christianity/Catholic,8,8,8,Married,"Doctorate degree (examples: PhD, EdD)",Employed for wages full-time,"$250,001+"
6440698,29,"White,Black or African American,Hispanic",Male,Black,18-30,"18-30, Male, Black/African-American","Christianity/Non-Catholic,Muslim/Islam",5,3,4,Married,Bachelor's degree,Employed for wages full-time,"$60,001 - $80,000"
4571054,48,White,Female,White,31-50,"31-50, Female, White",Prefer not to answer,0,5,5,Never married and not currently engaged,"High school graduate (high school diploma, or a legally-accepted equivalent)",Employed for wages full-time,"$20,001 - $40,000"
2020947,53,Asian,Female,Asian,+50,,Christianity/Non-Catholic,6,5,5,Married,"High school graduate (high school diploma, or a legally-accepted equivalent)","Out of work, and looking for work","$40,001 - $60,000"
2471496,32,White,Female,White,31-50,"31-50, Female, White",Christianity/Non-Catholic,8,8,8,Married,"High school graduate (high school diploma, or a legally-accepted equivalent)",A homemaker,"$0 - $20,000"
8789233,40,White,Female,White,31-50,"31-50, Female, White",Other,0,4,3,Engaged,"Some college, but no college degree",A homemaker,"$20,001 - $40,000"
9296835,50,Hispanic,Male,,+50,,Christianity/Non-Catholic,5,7,7,Married,Associate degree,Employed for wages full-time,"$40,001 - $60,000"
10578041,46,White,Male,White,31-50,"31-50, Male, White",Christianity/Non-Catholic,7,7,7,Married,"Doctorate degree (examples: PhD, EdD)",Employed for wages full-time,"$100,001 - $150,000"
10019058,30,Black or African American,Female,Black,18-30,"18-30, Female, Black/African-American",Christianity/Catholic,7,5,4,Single,Associate degree,"Employed for wages part-time,A student","$0 - $20,000"
8870703,40,White,Male,White,31-50,"31-50, Male, White",Buddhism,6,7,6,Married,"Doctorate degree (examples: PhD, EdD)",Employed for wages full-time,"$250,001+"
10425276,34,White,Male,White,31-50,"31-50, Male, White",Christianity/Catholic,6,6,4,Married,Master's degree,Employed for wages full-time,"$100,001 - $150,000"
4997095,60,White,Female,White,+50,">50, Female, White",Christianity/Catholic,2,3,2,Married,Associate degree,"Self-employed,Out of work, and looking for work","$40,001 - $60,000"
8652542,60,White,Male,White,+50,">50, Male, White",,8,7,8,Married,,Employed for wages full-time,"$250,001+"
10535459,20,White,Male,White,18-30,"18-30, Male, White",Muslim/Islam,7,7,5,Married,Bachelor's degree,Employed for wages full-time,"$100,001 - $150,000"
8870790,40,White,Male,White,31-50,"31-50, Male, White",Christianity/Non-Catholic,7,7,3,Engaged,Master's degree,Employed for wages full-time,"$250,001+"
8870831,49,White,Male,White,31-50,"31-50, Male, White",Buddhism,7,7,8,Single,Bachelor's degree,Prefer not to answer,Not sure/prefer not to answer
2532728,36,White,Female,White,31-50,"31-50, Female, White",Christianity/Catholic,2,0,0,Married,Bachelor's degree,Employed for wages full-time,"$80,001 - $100,000"
10535457,20,White,Male,White,18-30,"18-30, Male, White","Christianity/Catholic,Prefer not to answer",6,6,7,Single,"Some college, but no college degree",A student,"$60,001 - $80,000"
10413438,41,White,Male,White,31-50,"31-50, Male, White",Buddhism,5,7,5,Married,Master's degree,Employed for wages full-time,"$100,001 - $150,000"
4504205,52,White,Female,White,+50,">50, Female, White",Christianity/Non-Catholic,4,6,6,Single,"High school graduate (high school diploma, or a legally-accepted equivalent)",Unable to work,"$0 - $20,000"
10524593,19,White,Male,White,18-30,"18-30, Male, White",Christianity/Catholic,4,7,5,Married,Master's degree,Employed for wages full-time,"$150,001 - $250,000"
2851939,43,White,Female,White,31-50,"31-50, Female, White",Other,0,4,4,Married,Associate degree,Employed for wages full-time,"$40,001 - $60,000"
10532026,32,White,Male,White,31-50,"31-50, Male, White",Christianity/Non-Catholic,5,6,3,Married,"Some college, but no college degree",Employed for wages full-time,"$150,001 - $250,000"
4587263,21,Black or African American,Male,Black,18-30,"18-30, Male, Black/African-American",Christianity/Catholic,7,8,8,Single,"Some college, but no college degree",A student,Not sure/prefer not to answer
10531956,21,White,Male,White,18-30,"18-30, Male, White",Christianity/Non-Catholic,6,6,5,Single,"High school graduate (high school diploma, or a legally-accepted equivalent)",Employed for wages part-time,"$80,001 - $100,000"
8633139,56,Hispanic,Female,,+50,,Christianity/Non-Catholic,5,8,8,Divorced,"High school graduate (high school diploma, or a legally-accepted equivalent)",Retired,"$0 - $20,000"
10426786,57,White,Male,White,+50,">50, Male, White",Christianity/Non-Catholic,5,6,5,Married,Master's degree,Employed for wages full-time,"$100,001 - $150,000"
10426718,32,White,Male,White,31-50,"31-50, Male, White",Christianity/Catholic,5,5,6,Married,Master's degree,Employed for wages full-time,"$100,001 - $150,000"
2552927,28,White,Male,White,18-30,"18-30, Male, White",Christianity/Catholic,6,2,1,Married,Bachelor's degree,Employed for wages full-time,"$80,001 - $100,000"
8870868,48,White,Male,White,31-50,"31-50, Male, White",Christianity/Catholic,8,7,3,Married,"Doctorate degree (examples: PhD, EdD)",Employed for wages full-time,"$250,001+"
8780774,62,White,Female,White,+50,">50, Female, White",Christianity/Non-Catholic,4,3,3,Divorced,Associate degree,Employed for wages part-time,"$40,001 - $60,000"
2763432,45,White,Female,White,31-50,"31-50, Female, White",Christianity/Catholic,2,4,5,Married,Associate degree,Employed for wages full-time,"$80,001 - $100,000"
5848005,25,Asian,Male,Asian,18-30,,Prefer not to answer,0,5,4,Single,Bachelor's degree,"Out of work, and looking for work","$20,001 - $40,000"
10657979,27,White,Female,White,18-30,"18-30, Female, White",Prefer not to answer,4,0,0,Never married and not currently engaged,"Some college, but no college degree",Self-employed,"$20,001 - $40,000"
452845,30,"White,Black or African American",Female,Black,18-30,"18-30, Female, Black/African-American",Christianity/Non-Catholic,5,3,3,Married,Master's degree,Employed for wages full-time,"$20,001 - $40,000"
10451579,42,"White,Black or African American,Hispanic",Female,Black,31-50,"31-50, Female, Black/African-American",Christianity/Non-Catholic,4,8,7,Married,Associate degree,Employed for wages full-time,"$60,001 - $80,000"
2663344,43,Black or African American,Female,Black,31-50,"31-50, Female, Black/African-American",Prefer not to answer,0,4,4,Married,"Some college, but no college degree",A homemaker,"$60,001 - $80,000"
2863673,25,Black or African American,Male,Black,18-30,"18-30, Male, Black/African-American",Prefer not to answer,0,4,4,Single,Associate degree,Employed for wages full-time,"$20,001 - $40,000"
2944256,23,Asian,Male,Asian,18-30,,Buddhism,5,3,5,Never married and not currently engaged,Bachelor's degree,"Out of work, and looking for work","$80,001 - $100,000"
3031154,29,"White,Hispanic",Male,White,18-30,"18-30, Male, White",Christianity/Catholic,1,4,5,Single,"Some college, but no college degree",Employed for wages part-time,"$20,001 - $40,000"
5119279,41,"White,Hispanic",Male,White,31-50,"31-50, Male, White",Christianity/Non-Catholic,5,6,5,Divorced,Bachelor's degree,Employed for wages full-time,"$60,001 - $80,000"
9175654,24,White,Male,White,18-30,"18-30, Male, White",Christianity/Catholic,5,2,6,Married,Associate degree,Employed for wages full-time,"$80,001 - $100,000"
6941421,34,Black or African American,Female,Black,31-50,"31-50, Female, Black/African-American",Christianity/Non-Catholic,5,0,3,Single,"Some college, but no college degree",Employed for wages full-time,"$80,001 - $100,000"
5901253,27,White,Female,White,18-30,"18-30, Female, White",Christianity/Catholic,5,5,6,Never married and not currently engaged,Bachelor's degree,"Out of work, and looking for work","$60,001 - $80,000"
4917092,35,Black or African American,Female,Black,31-50,"31-50, Female, Black/African-American",Christianity/Non-Catholic,4,4,4,Engaged,Associate degree,Employed for wages part-time,"$20,001 - $40,000"
10662585,28,Black or African American,Male,Black,18-30,"18-30, Male, Black/African-American",Muslim/Islam,7,7,6,Single,"High school graduate (high school diploma, or a legally-accepted equivalent)","Out of work, but not currently looking for work","$20,001 - $40,000"
8944995,25,"White,Black or African American",Female,Black,18-30,"18-30, Female, Black/African-American",Buddhism,5,1,4,Single,Associate degree,Employed for wages full-time,"$80,001 - $100,000"
10415549,22,"White,Hispanic",Female,White,18-30,"18-30, Female, White",Other,0,2,2,Never married and not currently engaged,"High school graduate (high school diploma, or a legally-accepted equivalent)",Employed for wages full-time,"$60,001 - $80,000"
7283124,30,"White,Hispanic",Female,White,18-30,"18-30, Female, White",Christianity/Non-Catholic,1,3,5,Single,Associate degree,Employed for wages full-time,"$0 - $20,000"
10648539,22,White,Female,White,18-30,"18-30, Female, White",Christianity/Non-Catholic,7,6,6,Married,Bachelor's degree,Employed for wages full-time,"$60,001 - $80,000"
9956055,40,Black or African American,Male,Black,31-50,"31-50, Male, Black/African-American",Other,3,5,5,Single,"High school graduate (high school diploma, or a legally-accepted equivalent)",Employed for wages full-time,"$20,001 - $40,000"
9313260,30,Black or African American,Female,Black,18-30,"18-30, Female, Black/African-American",Christianity/Catholic,4,4,4,Never married and not currently engaged,"Some college, but no college degree","Out of work, and looking for work,A homemaker,A student","$0 - $20,000"
8280802,35,Black or African American,Female,Black,31-50,"31-50, Female, Black/African-American",Christianity/Non-Catholic,6,4,3,Single,Associate degree,Employed for wages full-time,"$40,001 - $60,000"
1595177,53,Black or African American,Female,Black,+50,">50, Female, Black/African-American",Christianity/Catholic,8,2,3,Divorced,"Some college, but no college degree",Employed for wages full-time,"$40,001 - $60,000"
10723416,19,Black or African American,Female,Black,18-30,"18-30, Female, Black/African-American",Other,4,4,4,Single,"High school graduate (high school diploma, or a legally-accepted equivalent)",A student,"$150,001 - $250,000"
1765023,27,White,Male,White,18-30,"18-30, Male, White",Other,0,3,3,Never married and not currently engaged,Bachelor's degree,"Out of work, and looking for work","$40,001 - $60,000"
3278926,35,White,Female,White,31-50,"31-50, Female, White",Christianity/Catholic,7,3,3,Engaged,Bachelor's degree,A homemaker,"$80,001 - $100,000"
9316816,35,White,Female,White,31-50,"31-50, Female, White",Other,6,0,0,Single,"Some college, but no college degree","Out of work, but not currently looking for work,A homemaker","$0 - $20,000"
7143080,32,White,Female,White,31-50,"31-50, Female, White",Other,0,0,0,Divorced,Bachelor's degree,Employed for wages full-time,"$60,001 - $80,000"
10504527,39,White,Female,White,31-50,"31-50, Female, White",Christianity/Catholic,0,5,7,Single,"High school graduate (high school diploma, or a legally-accepted equivalent)",Employed for wages full-time,"$60,001 - $80,000"
2997888,35,White,Male,White,31-50,"31-50, Male, White","Christianity/Catholic,Christianity/Non-Catholic",8,7,7,Married,Master's degree,Employed for wages full-time,"$100,001 - $150,000"
10694192,21,White,Female,White,18-30,"18-30, Female, White",Christianity/Catholic,7,6,6,Engaged,Associate degree,Employed for wages full-time,"$60,001 - $80,000"
9284350,42,White,Female,White,31-50,"31-50, Female, White",Other,1,8,7,Married,Bachelor's degree,Employed for wages full-time,"$20,001 - $40,000"
10741564,32,White,Male,White,31-50,"31-50, Male, White",Christianity/Non-Catholic,6,4,4,Married,Master's degree,Employed for wages part-time,"$100,001 - $150,000"
5176869,38,White,Female,White,31-50,"31-50, Female, White",Other,1,4,4,Never married and not currently engaged,"High school graduate (high school diploma, or a legally-accepted equivalent)","Out of work, and looking for work","$0 - $20,000"
5526231,26,White,Female,White,18-30,"18-30, Female, White",Prefer not to answer,0,2,6,Married,Bachelor's degree,Employed for wages full-time,"$100,001 - $150,000"
2659038,53,White,Female,White,+50,">50, Female, White",Christianity/Non-Catholic,5,7,7,Widowed,"High school graduate (high school diploma, or a legally-accepted equivalent)",A homemaker,"$20,001 - $40,000"
5605684,60,White,Female,White,+50,">50, Female, White",Christianity/Non-Catholic,7,1,2,Divorced,"Some college, but no college degree","Out of work, and looking for work","$0 - $20,000"
4269757,38,White,Female,White,31-50,"31-50, Female, White",Christianity/Non-Catholic,7,6,6,Married,Bachelor's degree,Employed for wages full-time,"$150,001 - $250,000"
9381220,52,Black or African American,Male,Black,+50,">50, Male, Black/African-American",Other,6,8,6,Never married and not currently engaged,Associate degree,Employed for wages full-time,"$60,001 - $80,000"
9239686,55,"White,Hispanic",Female,White,+50,">50, Female, White",Christianity/Catholic,7,6,6,Married,"High school graduate (high school diploma, or a legally-accepted equivalent)",A homemaker,"$40,001 - $60,000"
2703224,30,White,Male,White,18-30,"18-30, Male, White",Prefer not to answer,4,4,4,Single,Bachelor's degree,Employed for wages full-time,Not sure/prefer not to answer
9389859,29,White,Female,White,18-30,"18-30, Female, White",Christianity/Non-Catholic,6,4,5,Married,Bachelor's degree,Employed for wages full-time,"$100,001 - $150,000"
9646653,38,White,Male,White,31-50,"31-50, Male, White",Prefer not to answer,2,4,4,Never married and not currently engaged,"Some college, but no college degree",Unable to work,"$40,001 - $60,000"
10746111,24,White,Male,White,18-30,"18-30, Male, White",Christianity/Non-Catholic,7,6,7,Married,Bachelor's degree,Employed for wages full-time,"$150,001 - $250,000"
9027509,40,White,Female,White,31-50,"31-50, Female, White",Christianity/Non-Catholic,4,4,4,Married,"High school graduate (high school diploma, or a legally-accepted equivalent)",Employed for wages full-time,"$20,001 - $40,000"
9390595,30,White,Female,White,18-30,"18-30, Female, White",Christianity/Catholic,3,6,5,Married,Master's degree,Employed for wages part-time,"$100,001 - $150,000"
10750087,43,White,Female,White,31-50,"31-50, Female, White",Christianity/Catholic,5,3,3,Divorced,Associate degree,Employed for wages full-time,"$20,001 - $40,000"
10662947,58,White,Female,White,+50,">50, Female, White",Christianity/Non-Catholic,7,4,4,Divorced,"Some college, but no college degree",Employed for wages full-time,"$20,001 - $40,000"
6726697,31,White,Female,White,31-50,"31-50, Female, White",Christianity/Catholic,1,5,6,Never married and not currently engaged,"High school graduate (high school diploma, or a legally-accepted equivalent)",Unable to work,"$0 - $20,000"
9295514,46,White,Female,White,31-50,"31-50, Female, White",Christianity/Catholic,2,8,8,Never married and not currently engaged,"Some college, but no college degree",Employed for wages full-time,"$40,001 - $60,000"
10708495,28,White,Female,White,18-30,"18-30, Female, White",Other,0,4,4,Married,"High school graduate (high school diploma, or a legally-accepted equivalent)",Employed for wages full-time,"$100,001 - $150,000"
9390607,30,White,Male,White,18-30,"18-30, Male, White",Prefer not to answer,0,3,6,Single,Bachelor's degree,Employed for wages full-time,"$80,001 - $100,000"
2506942,51,White,Female,White,+50,">50, Female, White",Christianity/Non-Catholic,8,8,8,Divorced,"Some college, but no college degree",Employed for wages full-time,"$40,001 - $60,000"
10021116,50,White,Female,White,+50,">50, Female, White",Other,0,4,4,Married,"Some college, but no college degree","A homemaker,Unable to work","$100,001 - $150,000"
9393295,40,White,Male,White,31-50,"31-50, Male, White",Christianity/Non-Catholic,7,6,6,Married,Master's degree,Employed for wages full-time,"$150,001 - $250,000"
4120369,30,White,Female,White,18-30,"18-30, Female, White",Prefer not to answer,3,2,2,Never married and not currently engaged,Associate degree,Employed for wages part-time,"$20,001 - $40,000"
9541582,41,White,Female,White,31-50,"31-50, Female, White",Christianity/Non-Catholic,7,7,8,Married,Bachelor's degree,Employed for wages full-time,"$40,001 - $60,000"
10720062,32,White,Female,White,31-50,"31-50, Female, White",Judaism,5,1,3,Engaged,"Doctorate degree (examples: PhD, EdD)",Employed for wages full-time,"$100,001 - $150,000"
10604942,22,White,Male,White,18-30,"18-30, Male, White",Christianity/Catholic,8,8,8,Married,"Some high school, no diploma",A student,"$80,001 - $100,000"
4670377,48,White,Female,White,31-50,"31-50, Female, White",Christianity/Non-Catholic,6,5,3,Single,Master's degree,Employed for wages full-time,"$60,001 - $80,000"
9585552,35,White,Male,White,31-50,"31-50, Male, White",Christianity/Non-Catholic,7,6,6,Married,Bachelor's degree,"Employed for wages part-time,Self-employed","$150,001 - $250,000"
9582404,35,White,Male,White,31-50,"31-50, Male, White",Prefer not to answer,0,7,2,Married,Bachelor's degree,Employed for wages full-time,"$100,001 - $150,000"
9582391,34,White,Male,White,31-50,"31-50, Male, White",Christianity/Non-Catholic,6,6,6,Married,Bachelor's degree,Employed for wages full-time,"$150,001 - $250,000"
9582391,29,White,Female,White,18-30,"18-30, Female, White",Christianity/Non-Catholic,6,6,6,Married,Bachelor's degree,Employed for wages full-time,"$150,001 - $250,000"
4190054,39,White,Female,White,31-50,"31-50, Female, White",Christianity/Non-Catholic,6,7,7,Single,Master's degree,Employed for wages full-time,"$150,001 - $250,000"
10754450,40,White,Female,White,31-50,"31-50, Female, White",Christianity/Non-Catholic,5,6,7,Married,Master's degree,Employed for wages full-time,"$100,001 - $150,000"
10747712,38,White,Female,White,31-50,"31-50, Female, White",Other,2,3,6,Single,Bachelor's degree,Employed for wages full-time,"$40,001 - $60,000"
10538022,19,White,Male,White,18-30,"18-30, Male, White",Christianity/Catholic,5,5,5,Engaged,Associate degree,Employed for wages part-time,"$150,001 - $250,000"
6763252,37,White,Female,White,31-50,"31-50, Female, White",Prefer not to answer,6,4,4,Single,"High school graduate (high school diploma, or a legally-accepted equivalent)",Employed for wages part-time,"$20,001 - $40,000"
10413406,41,White,Male,White,31-50,"31-50, Male, White",Christianity/Non-Catholic,5,6,5,Married,Master's degree,Employed for wages full-time,"$150,001 - $250,000"
4187985,43,White,Female,White,31-50,"31-50, Female, White",Christianity/Non-Catholic,6,2,6,Single,Bachelor's degree,"Employed for wages full-time,Employed for wages part-time","$60,001 - $80,000"
10750587,62,White,Female,White,+50,">50, Female, White",Other,0,0,3,Widowed,Associate degree,Unable to work,"$20,001 - $40,000"
6995884,41,White,Female,White,31-50,"31-50, Female, White",Christianity/Non-Catholic,5,8,8,Divorced,"Some college, but no college degree",A homemaker,"$20,001 - $40,000"
10426892,61,White,Male,White,+50,">50, Male, White",Christianity/Catholic,5,6,5,Married,Master's degree,Employed for wages full-time,"$150,001 - $250,000"
8268253,33,White,Female,White,31-50,"31-50, Female, White",Christianity/Non-Catholic,5,5,5,Divorced,"Some college, but no college degree","Out of work, and looking for work","$0 - $20,000"
10735361,20,White,Male,White,18-30,"18-30, Male, White",Christianity/Catholic,8,7,5,Married,Bachelor's degree,Employed for wages full-time,"$150,001 - $250,000"
10713489,32,"White,Black or African American",Female,Black,31-50,"31-50, Female, Black/African-American",Other,2,4,5,Never married and not currently engaged,"High school graduate (high school diploma, or a legally-accepted equivalent)","Self-employed,A homemaker","$80,001 - $100,000"
9550059,55,White,Male,White,+50,">50, Male, White",Christianity/Catholic,5,6,4,Married,Master's degree,Employed for wages full-time,"$100,001 - $150,000"
10681694,45,White,Female,White,31-50,"31-50, Female, White",Prefer not to answer,0,4,7,Married,"High school graduate (high school diploma, or a legally-accepted equivalent)",Employed for wages full-time,"$40,001 - $60,000"
7843734,19,White,Female,White,18-30,"18-30, Female, White",Prefer not to answer,2,2,2,Engaged,"Some college, but no college degree",Employed for wages full-time,"$20,001 - $40,000"
5486468,60,White,Female,White,+50,">50, Female, White",Christianity/Non-Catholic,7,0,0,Divorced,Associate degree,"Out of work, and looking for work","$0 - $20,000"
4838513,45,White,Female,White,31-50,"31-50, Female, White",Christianity/Non-Catholic,4,6,6,Never married and not currently engaged,"High school graduate (high school diploma, or a legally-accepted equivalent)",Employed for wages part-time,"$20,001 - $40,000"
10750530,39,White,Female,White,31-50,"31-50, Female, White",Christianity/Non-Catholic,5,5,5,Separated,"High school graduate (high school diploma, or a legally-accepted equivalent)",A homemaker,"$0 - $20,000"
10750530,39,White,Female,White,31-50,"31-50, Female, White",Christianity/Non-Catholic,5,5,5,Separated,"High school graduate (high school diploma, or a legally-accepted equivalent)",A homemaker,"$0 - $20,000"
8475727,29,White,Other (Please specify in box below),White,18-30,,Other,2,4,4,Single,"Some college, but no college degree",A homemaker,"$20,001 - $40,000"
3928887,34,White,Male,White,31-50,"31-50, Male, White",Christianity/Non-Catholic,1,2,2,Married,"Some college, but no college degree",Employed for wages full-time,"$20,001 - $40,000"
2289549,76,White,Female,White,+50,">50, Female, White",Prefer not to answer,3,2,2,Single,Master's degree,Retired,"$60,001 - $80,000"
10790802,38,White,Female,White,31-50,"31-50, Female, White",Other,1,2,2,Married,"High school graduate (high school diploma, or a legally-accepted equivalent)",Employed for wages part-time,"$0 - $20,000"
8961774,39,White,Female,White,31-50,"31-50, Female, White",Prefer not to answer,1,2,2,Prefer not to answer,Bachelor's degree,A homemaker,"$40,001 - $60,000"
287758,50,White,Female,White,+50,">50, Female, White",Other,0,0,0,Married,Bachelor's degree,Employed for wages full-time,"$150,001 - $250,000"
10773648,32,White,Female,White,31-50,"31-50, Female, White",Christianity/Non-Catholic,5,4,4,Single,Associate degree,Employed for wages full-time,"$20,001 - $40,000"
10499199,48,White,Male,White,31-50,"31-50, Male, White",Christianity/Catholic,6,5,5,Engaged,"High school graduate (high school diploma, or a legally-accepted equivalent)",Employed for wages part-time,"$100,001 - $150,000"
8999200,42,White,Male,White,31-50,"31-50, Male, White",Christianity/Catholic,7,3,3,Never married and not currently engaged,"Some college, but no college degree",Employed for wages full-time,"$60,001 - $80,000"
3209886,69,"White,Hispanic",Female,White,+50,">50, Female, White",Christianity/Non-Catholic,6,4,4,Married,Associate degree,Retired,"$40,001 - $60,000"
4715101,31,White,Female,White,31-50,"31-50, Female, White",Christianity/Catholic,6,8,8,Married,Prefer not to answer,A homemaker,"$60,001 - $80,000"
10678849,41,White,Female,White,31-50,"31-50, Female, White",Prefer not to answer,4,4,4,Divorced,"Some college, but no college degree",A student,"$20,001 - $40,000"
4779161,39,White,Female,White,31-50,"31-50, Female, White",Christianity/Non-Catholic,5,1,1,Single,Bachelor's degree,Employed for wages full-time,"$100,001 - $150,000"
9256685,39,White,Female,White,31-50,"31-50, Female, White",Other,1,4,4,Engaged,"Some college, but no college degree",Self-employed,"$0 - $20,000"
7164735,48,White,Female,White,31-50,"31-50, Female, White",Christianity/Non-Catholic,3,4,4,Married,"High school graduate (high school diploma, or a legally-accepted equivalent)","Out of work, and looking for work","$0 - $20,000"
2736219,36,White,Male,White,31-50,"31-50, Male, White",Christianity/Non-Catholic,2,5,5,Married,Master's degree,Employed for wages full-time,"$60,001 - $80,000"
10062423,39,White,Male,White,31-50,"31-50, Male, White",Christianity/Catholic,7,6,6,Married,"Some high school, no diploma",A homemaker,"$20,001 - $40,000"
1202518,41,Other,Male,AmericanIndian/Other,31-50,,Christianity/Non-Catholic,6,5,7,Married,Associate degree,Employed for wages full-time,"$60,001 - $80,000"
2705475,51,White,Female,White,+50,">50, Female, White",Christianity/Non-Catholic,8,5,4,Married,Master's degree,Employed for wages full-time,"$150,001 - $250,000"
4170692,41,"White,Black or African American,American Indian and Alaska Native alone",Female,AmericanIndian/Other,31-50,,Christianity/Catholic,5,3,6,Separated,Bachelor's degree,Employed for wages full-time,"$40,001 - $60,000"
1187370,33,White,Female,White,31-50,"31-50, Female, White",Christianity/Catholic,2,0,0,Engaged,"Some college, but no college degree",Employed for wages full-time,"$60,001 - $80,000"
10836276,42,Black or African American,Female,Black,31-50,"31-50, Female, Black/African-American",Christianity/Non-Catholic,5,4,4,Single,"High school graduate (high school diploma, or a legally-accepted equivalent)",Unable to work,"$0 - $20,000"
4782868,53,White,Male,White,+50,">50, Male, White",Prefer not to answer,1,2,2,Single,Associate degree,Employed for wages part-time,"$20,001 - $40,000"
6497857,40,White,Male,White,31-50,"31-50, Male, White",Other,6,0,0,Never married and not currently engaged,Associate degree,Unable to work,"$0 - $20,000"
9866441,43,"White,Hispanic",Female,White,31-50,"31-50, Female, White",Christianity/Catholic,2,5,5,Married,Associate degree,Employed for wages full-time,"$150,001 - $250,000"
10835345,20,White,Male,White,18-30,"18-30, Male, White",Prefer not to answer,0,4,4,Single,"High school graduate (high school diploma, or a legally-accepted equivalent)","Out of work, and looking for work","$0 - $20,000"
3374235,38,White,Female,White,31-50,"31-50, Female, White",Other,0,0,0,Single,Associate degree,"Employed for wages full-time,Employed for wages part-time,Self-employed","$150,001 - $250,000"
2873289,25,"White,Middle Eastern and North African",Female,AmericanIndian/Other,18-30,,Muslim/Islam,6,5,4,Single,Associate degree,"Employed for wages part-time,A student","$0 - $20,000"
2476915,46,White,Female,White,31-50,"31-50, Female, White",Christianity/Non-Catholic,6,4,4,Engaged,"High school graduate (high school diploma, or a legally-accepted equivalent)",Employed for wages part-time,"$0 - $20,000"
6755186,22,White,Female,White,18-30,"18-30, Female, White",Other,0,2,2,Never married and not currently engaged,"Some college, but no college degree","Out of work, and looking for work,A student","$80,001 - $100,000"
9982137,42,White,Male,White,31-50,"31-50, Male, White",Christianity/Catholic,4,4,4,Married,Master's degree,Employed for wages full-time,"$250,001+"
10889686,51,White,Female,White,+50,">50, Female, White",Other,8,2,2,Separated,"High school graduate (high school diploma, or a legally-accepted equivalent)","Out of work, and looking for work,A homemaker","$0 - $20,000"
10875690,18,White,Female,White,18-30,"18-30, Female, White",Christianity/Non-Catholic,2,4,4,Single,"High school graduate (high school diploma, or a legally-accepted equivalent)",A student,"$0 - $20,000"
9193144,40,White,Male,White,31-50,"31-50, Male, White",Christianity/Catholic,5,4,4,Engaged,"High school graduate (high school diploma, or a legally-accepted equivalent)",Employed for wages full-time,"$20,001 - $40,000"
7569287,26,White,Male,White,18-30,"18-30, Male, White",Prefer not to answer,0,5,5,Single,"Some college, but no college degree","Out of work, and looking for work","$40,001 - $60,000"
10874615,33,White,Male,White,31-50,"31-50, Male, White",Other,6,5,5,Never married and not currently engaged,"High school graduate (high school diploma, or a legally-accepted equivalent)",Employed for wages full-time,"$40,001 - $60,000"
2134446,42,White,Male,White,31-50,"31-50, Male, White",Christianity/Non-Catholic,6,3,4,Married,Bachelor's degree,Employed for wages full-time,"$100,001 - $150,000"
8927100,49,White,Female,White,31-50,"31-50, Female, White",Christianity/Non-Catholic,7,5,3,Married,Associate degree,Employed for wages full-time,"$60,001 - $80,000"
9970784,23,"Black or African American,Hispanic",Female,Black,18-30,"18-30, Female, Black/African-American",Christianity/Non-Catholic,6,5,5,Never married and not currently engaged,Associate degree,"Employed for wages part-time,Retired","$40,001 - $60,000"
6532145,46,White,Female,White,31-50,"31-50, Female, White",Other,0,2,4,Divorced,"Some college, but no college degree",Self-employed,"$0 - $20,000"
3744047,36,White,Male,White,31-50,"31-50, Male, White",Christianity/Non-Catholic,6,5,5,Married,Bachelor's degree,Employed for wages full-time,"$60,001 - $80,000"
9136442,44,Asian,Female,Asian,31-50,,Christianity/Catholic,4,4,4,Married,"High school graduate (high school diploma, or a legally-accepted equivalent)",A homemaker,"$0 - $20,000"
6772642,43,Asian,Female,Asian,31-50,,Other,1,3,3,Single,Bachelor's degree,Employed for wages full-time,"$150,001 - $250,000"
6295129,43,Hispanic,Female,,31-50,,Christianity/Catholic,5,2,2,Single,"High school graduate (high school diploma, or a legally-accepted equivalent)",Employed for wages part-time,"$20,001 - $40,000"
6685738,38,White,Female,White,31-50,"31-50, Female, White",Christianity/Non-Catholic,5,5,6,Single,Bachelor's degree,Employed for wages full-time,"$100,001 - $150,000"
4050566,41,Asian,Male,Asian,31-50,,Christianity/Catholic,6,6,6,Single,Bachelor's degree,Employed for wages full-time,"$40,001 - $60,000"
2180819,44,Hispanic,Female,,31-50,,Other,0,0,0,Married,"Some college, but no college degree",Employed for wages full-time,"$80,001 - $100,000"
10917629,34,Hispanic,Male,,31-50,,Christianity/Non-Catholic,5,4,4,Divorced,"Some college, but no college degree",Employed for wages full-time,"$40,001 - $60,000"
9355506,38,"White,American Indian and Alaska Native alone",Male,AmericanIndian/Other,31-50,,Christianity/Non-Catholic,0,8,8,Widowed,Associate degree,"Out of work, and looking for work,A student,Unable to work","$0 - $20,000"
5731984,34,Asian,Male,Asian,31-50,,Christianity/Catholic,6,6,6,Married,Bachelor's degree,Employed for wages full-time,"$80,001 - $100,000"
6543678,47,"White,Hispanic,Asian",Female,Asian,31-50,,Christianity/Catholic,2,2,3,Married,Bachelor's degree,"Employed for wages full-time,Self-employed","$80,001 - $100,000"
4796785,42,Hispanic,Female,,31-50,,Other,1,2,2,Never married and not currently engaged,Associate degree,"Out of work, but not currently looking for work,A homemaker","$20,001 - $40,000"
9752535,24,Hispanic,Male,,18-30,,"Christianity/Catholic,Christianity/Non-Catholic",4,4,4,Single,"High school graduate (high school diploma, or a legally-accepted equivalent)",Employed for wages part-time,"$40,001 - $60,000"
5802021,34,White,Female,White,31-50,"31-50, Female, White",Christianity/Non-Catholic,1,4,4,Never married and not currently engaged,"High school graduate (high school diploma, or a legally-accepted equivalent)",A homemaker,"$60,001 - $80,000"
9871233,34,White,Female,White,31-50,"31-50, Female, White",Christianity/Non-Catholic,0,5,5,Single,"Some high school, no diploma",Employed for wages full-time,"$40,001 - $60,000"
10940599,37,White,Male,White,31-50,"31-50, Male, White",Prefer not to answer,3,5,5,Single,"High school graduate (high school diploma, or a legally-accepted equivalent)",Employed for wages full-time,"$40,001 - $60,000"
10954028,26,"White,Black or African American,Hispanic",Female,Black,18-30,"18-30, Female, Black/African-American",Judaism,2,5,5,Married,"Some college, but no college degree",Employed for wages full-time,"$60,001 - $80,000"
9203192,34,Hispanic,Male,,31-50,,Christianity/Catholic,5,4,3,Married,"High school graduate (high school diploma, or a legally-accepted equivalent)",Employed for wages full-time,"$40,001 - $60,000"
5017701,38,White,Male,White,31-50,"31-50, Male, White",Christianity/Non-Catholic,7,5,5,Married,Bachelor's degree,Employed for wages full-time,"$60,001 - $80,000"
4254843,43,"Hispanic,Other",Female,AmericanIndian/Other,31-50,,Other,1,4,4,Single,Bachelor's degree,"Employed for wages part-time,Self-employed","$40,001 - $60,000"
5114880,23,"White,Hispanic",Female,White,18-30,"18-30, Female, White",Christianity/Non-Catholic,7,4,4,Single,"Some college, but no college degree","Employed for wages part-time,A student","$20,001 - $40,000"
4221331,39,American Indian and Alaska Native alone,Male,AmericanIndian/Other,31-50,,Other,1,0,3,Single,"Some college, but no college degree",Employed for wages full-time,"$40,001 - $60,000"
10633152,24,White,Male,White,18-30,"18-30, Male, White",Other,5,3,4,Single,"Some college, but no college degree",Employed for wages part-time,"$40,001 - $60,000"
4035470,42,American Indian and Alaska Native alone,Female,AmericanIndian/Other,31-50,,Prefer not to answer,0,0,2,Engaged,"Some college, but no college degree",A homemaker,"$20,001 - $40,000"
2362396,42,White,Female,White,31-50,"31-50, Female, White",Christianity/Non-Catholic,1,4,4,Single,"Some college, but no college degree","Out of work, and looking for work","$0 - $20,000"
11020434,33,White,Male,White,31-50,"31-50, Male, White",Judaism,2,3,5,Never married and not currently engaged,Bachelor's degree,Self-employed,"$60,001 - $80,000"
3566798,25,White,Male,White,18-30,"18-30, Male, White",Other,0,5,7,Single,Master's degree,Employed for wages full-time,"$80,001 - $100,000"
11052140,33,White,Female,White,31-50,"31-50, Female, White",Other,5,3,3,Married,Master's degree,Employed for wages full-time,"$100,001 - $150,000"
3516652,41,White,Male,White,31-50,"31-50, Male, White",Christianity/Non-Catholic,5,7,7,Married,"Some college, but no college degree",Employed for wages full-time,"$80,001 - $100,000"
11034831,30,Black or African American,Female,Black,18-30,"18-30, Female, Black/African-American",Other,0,0,0,Married,Master's degree,Employed for wages full-time,"$60,001 - $80,000"
